country ,Year,Number of Internet users
Afghanistan,1990,0
Afghanistan,1991,0
Afghanistan,1992,0
Afghanistan,1993,0
Afghanistan,1994,0
Afghanistan,1995,0
Afghanistan,2001,957.94006
Afghanistan,2002,975.1406
Afghanistan,2003,19980.365
Afghanistan,2004,24929.303
Afghanistan,2005,298748.12
Afghanistan,2006,535717.2
Afghanistan,2007,492287.2
Afghanistan,2008,487280.4
Afghanistan,2009,975046.6
Afghanistan,2010,1131363.5
Afghanistan,2011,1467385.4
Afghanistan,2012,1666911.1
Afghanistan,2013,1865739.9
Afghanistan,2014,2295477
Afghanistan,2015,2794504
Afghanistan,2016,3817067.5
Afghanistan,2017,4818007
Afghanistan,2018,6172830.5
Afghanistan,2019,6662678
Afghanistan,2020,7188691.5
Africa,1960,0
Africa,1965,0
Africa,1970,0
Africa,1975,0
Africa,1976,0
Africa,1977,0
Africa,1978,0
Africa,1979,0
Africa,1980,0
Africa,1981,0
Africa,1982,0
Africa,1983,0
Africa,1984,0
Africa,1985,0
Africa,1986,0
Africa,1987,0
Africa,1988,0
Africa,1989,0
Africa,1990,0
Africa,1991,5537.6504
Africa,1992,16497.412
Africa,1993,49863.223
Africa,1994,114298.695
Africa,1995,328407.62
Africa,1996,456112.3
Africa,1997,914034.25
Africa,1998,1718309.4
Africa,1999,2923667
Africa,2000,4561338.5
Africa,2001,6188667
Africa,2002,9863509
Africa,2003,13736867
Africa,2004,26695266
Africa,2005,33530732
Africa,2006,41354172
Africa,2007,53133664
Africa,2008,62553828
Africa,2009,74817950
Africa,2010,97119390
Africa,2011,115689130
Africa,2012,139054620
Africa,2013,166122300
Africa,2014,199091000
Africa,2015,236452270
Africa,2016,282945020
Africa,2017,326376420
Africa,2018,366186600
Africa,2019,437631700
Africa,2020,513048060
Africa,2021,553207800
Albania,1990,0
Albania,1991,0
Albania,1992,0
Albania,1993,0
Albania,1994,0
Albania,1995,363.9401
Albania,1996,1045.006
Albania,1997,1569.4208
Albania,1998,2087.4658
Albania,1999,2596.7
Albania,2000,3612.4897
Albania,2001,10255.946
Albania,2002,12225.519
Albania,2003,30304.758
Albania,2004,74999.63
Albania,2005,185919.52
Albania,2006,293182.1
Albania,2007,454524.78
Albania,2008,714113.8
Albania,2009,1220132.6
Albania,2010,1317929
Albania,2011,1368404.5
Albania,2012,1437541.5
Albania,2013,1506121.8
Albania,2014,1576735.1
Albania,2015,1649322.8
Albania,2016,1727129.2
Albania,2017,1808504.9
Albania,2018,1892825.8
Albania,2019,1977686.4
Albania,2020,2074630
Albania,2021,2260441
Algeria,1990,0
Algeria,1991,0
Algeria,1992,0
Algeria,1993,0
Algeria,1994,100.58215
Algeria,1995,503.62463
Algeria,1996,504.74908
Algeria,1997,3037.3394
Algeria,1998,6082.5225
Algeria,1999,60803.613
Algeria,2000,151956.2
Algeria,2001,202435.44
Algeria,2002,505359.34
Algeria,2003,706374.8
Algeria,2004,1512149.9
Algeria,2005,1934885.9
Algeria,2006,2480064.8
Algeria,2007,3231307.2
Algeria,2008,3544367
Algeria,2009,3985576.5
Algeria,2010,4523529.5
Algeria,2011,5498602.5
Algeria,2012,6851602.5
Algeria,2013,8643190
Algeria,2014,11565485
Algeria,2015,15287460
Algeria,2016,17543556
Algeria,2017,19882068
Algeria,2018,20843816
Algeria,2019,25534076
Algeria,2020,28164918
Algeria,2021,31677428
American Samoa,1990,0
American Samoa,1991,0
American Samoa,1992,0
American Samoa,1993,0
American Samoa,1994,0
American Samoa,1995,0
Andorra,1990,0
Andorra,1991,0
Andorra,1992,0
Andorra,1993,0
Andorra,1994,0
Andorra,1995,0
Andorra,1996,977.1163
Andorra,1997,1974.1345
Andorra,1998,4503.5806
Andorra,1999,5019.089
Andorra,2000,6924.331
Andorra,2002,7491.3643
Andorra,2003,9415.705
Andorra,2004,19951.871
Andorra,2005,29120.4
Andorra,2006,38958.137
Andorra,2007,58043.242
Andorra,2008,58492.508
Andorra,2009,65892.164
Andorra,2010,65388.87
Andorra,2011,63018.81
Andorra,2012,63561.562
Andorra,2013,63485.68
Andorra,2014,63503.055
Andorra,2015,63459.406
Andorra,2016,64760.707
Andorra,2017,67558.48
Andorra,2019,69392.52
Andorra,2020,72138.375
Andorra,2021,73595.94
Angola,1990,0
Angola,1991,0
Angola,1992,0
Angola,1993,0
Angola,1994,0
Angola,1995,0
Angola,1996,109.95669
Angola,1997,831.795
Angola,1998,2797.47
Angola,1999,11274.782
Angola,2000,17011.996
Angola,2001,22778.52
Angola,2002,46850.074
Angola,2003,66514.14
Angola,2004,86457.5
Angola,2005,220568.72
Angola,2006,300229.22
Angola,2007,353235.7
Angola,2008,409994.47
Angola,2009,515539.8
Angola,2010,652255
Angola,2011,1138262.8
Angola,2012,1938659.6
Angola,2013,3401530
Angola,2014,5812404
Angola,2015,6194716.5
Angola,2016,6770473
Angola,2017,7861057.5
Angola,2018,9076176
Angola,2019,10402094
Angola,2020,10888395
Angola,2021,11258366
Antigua and Barbuda,1990,0
Antigua and Barbuda,1991,0
Antigua and Barbuda,1992,0
Antigua and Barbuda,1993,0
Antigua and Barbuda,1994,0
Antigua and Barbuda,1995,1501.1443
Antigua and Barbuda,1996,1990.3098
Antigua and Barbuda,1997,2473.6523
Antigua and Barbuda,1998,2949.144
Antigua and Barbuda,1999,3905.595
Antigua and Barbuda,2000,4857.067
Antigua and Barbuda,2001,6770.7544
Antigua and Barbuda,2002,9631.125
Antigua and Barbuda,2003,13420.429
Antigua and Barbuda,2004,19106.021
Antigua and Barbuda,2005,21499.56
Antigua and Barbuda,2006,24185.7
Antigua and Barbuda,2007,27783.44
Antigua and Barbuda,2008,31511.88
Antigua and Barbuda,2009,35361.06
Antigua and Barbuda,2010,40108.39
Antigua and Barbuda,2011,44902
Antigua and Barbuda,2012,50619.5
Antigua and Barbuda,2013,55838.918
Antigua and Barbuda,2014,60177.793
Antigua and Barbuda,2015,62594.7
Antigua and Barbuda,2016,65685.4
Antigua and Barbuda,2019,87454.766
Antigua and Barbuda,2020,87900.54
Antigua and Barbuda,2021,88352.8
Argentina,1990,0
Argentina,1991,0
Argentina,1992,1008.40497
Argentina,1993,10084.295
Argentina,1994,15128.156
Argentina,1995,30257.387
Argentina,1996,50413.504
Argentina,1997,100776
Argentina,1998,302173.62
Argentina,1999,1208514.9
Argentina,2000,2619374.5
Argentina,2001,3680011
Argentina,2002,4138400.5
Argentina,2003,4577752.5
Argentina,2004,6224785.5
Argentina,2005,6949443
Argentina,2006,8291799.5
Argentina,2007,10383003
Argentina,2008,11364289
Argentina,2009,13890643
Argentina,2010,18579912
Argentina,2011,21282634
Argentina,2012,23526238
Argentina,2013,25506890
Argentina,2014,27836572
Argentina,2015,29583088
Argentina,2016,31155604
Argentina,2017,32904396
Argentina,2018,34696836
Argentina,2019,35954920
Argentina,2020,38645628
Argentina,2021,39489972
Armenia,1990,0
Armenia,1991,0
Armenia,1992,0
Armenia,1993,0
Armenia,1994,306.75287
Armenia,1995,1744.5242
Armenia,1996,3100.7976
Armenia,1997,3624.5154
Armenia,1998,4127.909
Armenia,1999,30746.002
Armenia,2000,40647.88
Armenia,2001,50308.668
Armenia,2002,59902.84
Armenia,2003,139039.75
Armenia,2004,148074.69
Armenia,2005,157923.6
Armenia,2006,168411.34
Armenia,2007,179121.75
Armenia,2008,183815.75
Armenia,2009,450664.25
Armenia,2010,732770.75
Armenia,2011,935446.06
Armenia,2012,1095948.4
Armenia,2013,1224538.5
Armenia,2014,1596314.9
Armenia,2015,1726441.1
Armenia,2016,1878129.4
Armenia,2017,1887291.2
Armenia,2018,1985911.1
Armenia,2019,1932419.8
Armenia,2020,2211755.8
Armenia,2021,2256438.2
Aruba,1990,0
Aruba,1991,0
Aruba,1992,0
Aruba,1993,0
Aruba,1994,0
Aruba,1995,0
Aruba,1996,2173.0972
Aruba,1999,3897.079
Aruba,2000,13708.903
Aruba,2001,15444.721
Aruba,2002,17181.883
Aruba,2003,19203.39
Aruba,2004,21441.29
Aruba,2005,23936.705
Aruba,2006,26712.84
Aruba,2007,29850.635
Aruba,2008,50863.8
Aruba,2009,57443.2
Aruba,2010,62078.74
Aruba,2011,69686.55
Aruba,2012,75312.76
Aruba,2013,80927.734
Aruba,2014,86612.6
Aruba,2015,92384.99
Aruba,2016,98209.29
Aruba,2017,102744.64
Asia,1960,0
Asia,1965,0
Asia,1970,0
Asia,1975,0
Asia,1976,0
Asia,1977,0
Asia,1978,0
Asia,1979,0
Asia,1980,0
Asia,1981,0
Asia,1982,0
Asia,1983,0
Asia,1984,0
Asia,1985,0
Asia,1986,0
Asia,1987,0
Asia,1988,0
Asia,1989,0
Asia,1990,40332.61
Asia,1991,92756.52
Asia,1992,245123.33
Asia,1993,760808.3
Asia,1994,1487564.6
Asia,1995,3261400.2
Asia,1996,8208173.5
Asia,1997,17704536
Asia,1998,30761370
Asia,1999,62788108
Asia,2000,108619360
Asia,2001,149928690
Asia,2002,213179680
Asia,2003,255643620
Asia,2004,309618300
Asia,2005,355540000
Asia,2006,412992480
Asia,2007,538581700
Asia,2008,659952400
Asia,2009,780297300
Asia,2010,940890240
Asia,2011,1069976600
Asia,2012,1178798800
Asia,2013,1291964800
Asia,2014,1408229400
Asia,2015,1526448600
Asia,2016,1673003000
Asia,2017,1797867300
Asia,2018,1960957200
Asia,2019,2248639200
Asia,2020,2603487500
Asia,2021,2753528300
Australia,1990,100205.09
Australia,1991,190399.88
Australia,1992,310405.6
Australia,1993,349958.44
Australia,1994,399488.8
Australia,1995,499368.88
Australia,1996,599544.5
Australia,1997,3029135.2
Australia,1998,5762603
Australia,1999,7712205
Australia,2000,8945601
Australia,2001,10203507
Australia,2005,12785529
Australia,2006,13589774
Australia,2007,14552931
Australia,2008,15316305
Australia,2009,16173888
Australia,2010,16827604
Australia,2011,17868660
Australia,2012,18053592
Australia,2013,19391482
Australia,2014,19820304
Australia,2015,20250550
Australia,2016,21055150
Australia,2017,21403494
Australia,2018,22607730
Australia,2019,23854348
Australia,2020,24815588
Australia,2021,24980456
Austria,1990,10011.882
Austria,1991,20097.318
Austria,1992,50414.355
Austria,1993,60519.414
Austria,1994,110612.1
Austria,1995,150277.83
Austria,1996,550032.7
Austria,1997,759839.06
Austria,1998,1230376.5
Austria,1999,1842138.2
Austria,2000,2702771.5
Austria,2001,3151385.2
Austria,2002,2954647.8
Austria,2003,3468352
Austria,2004,4436573.5
Austria,2005,4772938.5
Austria,2006,5259657
Austria,2007,5755593
Austria,2008,6065152.5
Austria,2009,6129456
Austria,2010,6288035.5
Austria,2011,6608861.5
Austria,2012,6747808
Austria,2013,6837611.5
Austria,2014,6923371
Austria,2015,7255816.5
Austria,2016,7368141.5
Austria,2017,7737258
Austria,2018,7734601.5
Austria,2019,7793164.5
Austria,2020,7808852
Austria,2021,8297138
Azerbaijan,1990,0
Azerbaijan,1991,0
Azerbaijan,1992,0
Azerbaijan,1993,0
Azerbaijan,1994,108.91485
Azerbaijan,1995,158.6742
Azerbaijan,1996,497.62634
Azerbaijan,1997,1998.9698
Azerbaijan,1998,3008.4827
Azerbaijan,1999,8038.0127
Azerbaijan,2000,12078.862
Azerbaijan,2001,25214.51
Azerbaijan,2002,416283.22
Azerbaijan,2005,690391.3
Azerbaijan,2006,1044684.1
Azerbaijan,2007,1283636.8
Azerbaijan,2008,1527402.4
Azerbaijan,2009,2478696
Azerbaijan,2010,4207552
Azerbaijan,2011,4628078
Azerbaijan,2012,5081889
Azerbaijan,2013,6938224.5
Azerbaijan,2014,7223353.5
Azerbaijan,2015,7509701.5
Azerbaijan,2016,7717115
Azerbaijan,2017,7875123
Azerbaijan,2018,8011745.5
Azerbaijan,2019,8199601.5
Azerbaijan,2020,8613749
Azerbaijan,2021,8801560
Bahamas,1990,0
Bahamas,1991,0
Bahamas,1992,0
Bahamas,1993,0
Bahamas,1994,0
Bahamas,1995,2894.2144
Bahamas,1996,5350.578
Bahamas,1997,4237.6143
Bahamas,1998,7365.892
Bahamas,1999,12032.393
Bahamas,2000,25907.68
Bahamas,2001,38685.945
Bahamas,2002,59692.5
Bahamas,2003,67125
Bahamas,2004,74754.68
Bahamas,2005,85976.25
Bahamas,2006,90580.36
Bahamas,2007,95402.61
Bahamas,2008,112955.15
Bahamas,2009,122918.68
Bahamas,2010,158017.27
Bahamas,2011,241629.7
Bahamas,2012,269395.84
Bahamas,2013,272849.03
Bahamas,2014,294074.38
Bahamas,2015,300576.9
Bahamas,2016,310448
Bahamas,2017,314739.78
Bahamas,2018,325955.94
Bahamas,2019,357951.84
Bahamas,2020,366088.53
Bahamas,2021,373762.75
Bahrain,1990,0
Bahrain,1991,0
Bahrain,1992,0
Bahrain,1993,0
Bahrain,1994,0
Bahrain,1995,2053.7969
Bahrain,1996,5131.9863
Bahrain,1997,10273.22
Bahrain,1998,20576.895
Bahrain,1999,30900.502
Bahrain,2000,41204.72
Bahrain,2001,105265.02
Bahrain,2002,135778.42
Bahrain,2003,174870.1
Bahrain,2004,187000.81
Bahrain,2005,198682.45
Bahrain,2006,280921.7
Bahrain,2007,347996.6
Bahrain,2008,582213
Bahrain,2009,627316.5
Bahrain,2010,667286.4
Bahrain,2011,929184.06
Bahrain,2012,1070350.1
Bahrain,2013,1131485.9
Bahrain,2014,1188176.8
Bahrain,2015,1280331.1
Bahrain,2016,1401016.5
Bahrain,2017,1420916.9
Bahrain,2018,1477336.2
Bahrain,2019,1481240.4
Bahrain,2020,1478202.1
Bahrain,2021,1501762
Bangladesh,1990,0
Bangladesh,1991,0
Bangladesh,1992,0
Bangladesh,1993,0
Bangladesh,1994,0
Bangladesh,1995,0
Bangladesh,1997,955.31604
Bangladesh,1998,4776.3403
Bangladesh,1999,47784.027
Bangladesh,2000,95579.5
Bangladesh,2001,177584.86
Bangladesh,2002,194396.39
Bangladesh,2003,231018.92
Bangladesh,2004,284428.6
Bangladesh,2005,349687.34
Bangladesh,2006,1464059.9
Bangladesh,2007,2663807
Bangladesh,2008,3736856.5
Bangladesh,2009,4677085
Bangladesh,2010,5631473.5
Bangladesh,2011,6911598.5
Bangladesh,2012,7753505.5
Bangladesh,2013,10378081
Bangladesh,2014,18797826
Bangladesh,2015,20560430
Bangladesh,2016,29106960
Bangladesh,2017,32112856
Bangladesh,2018,38329816
Bangladesh,2019,45779864
Bangladesh,2020,54662160
Bangladesh,2021,65248544
Barbados,1990,0
Barbados,1991,0
Barbados,1992,0
Barbados,1993,0
Barbados,1994,0
Barbados,1995,20.314428
Barbados,1996,1021.52563
Barbados,1997,2055.7566
Barbados,1998,5170.604
Barbados,1999,6238.147
Barbados,2000,10413.858
Barbados,2001,31324.707
Barbados,2002,73531.04
Barbados,2003,105490.664
Barbados,2004,133113.9
Barbados,2005,141076.42
Barbados,2006,149316.08
Barbados,2007,157895.44
Barbados,2008,167449.47
Barbados,2009,177366.62
Barbados,2010,179188.39
Barbados,2011,183639.75
Barbados,2012,197187.67
Barbados,2013,199366.34
Barbados,2014,209211.62
Barbados,2015,212346.14
Barbados,2016,222423.31
Barbados,2017,229074.9
Barbados,2018,231537.05
Barbados,2019,233996.5
Barbados,2020,232290.38
Barbados,2021,242147.14
Belarus,1990,0
Belarus,1991,0
Belarus,1992,0
Belarus,1993,0
Belarus,1994,49.713726
Belarus,1995,297.89386
Belarus,1996,2977.886
Belarus,1997,4962.073
Belarus,1998,7446.413
Belarus,1999,49682.223
Belarus,2000,185878.16
Belarus,2001,427398.12
Belarus,2002,883769.8
Belarus,2006,1556502.8
Belarus,2007,1883937.6
Belarus,2008,2191752
Belarus,2009,2607861.8
Belarus,2010,3018059
Belarus,2011,3755836
Belarus,2012,4439128.5
Belarus,2013,5126894.5
Belarus,2014,5590790
Belarus,2015,5903974.5
Belarus,2016,6755075
Belarus,2017,7068331
Belarus,2018,7501538
Belarus,2019,7811500.5
Belarus,2020,7956522.5
Belarus,2021,8038367
Belgium,1990,100.28105
Belgium,1991,2007.0562
Belgium,1992,10050.109
Belgium,1993,20113.998
Belgium,1994,70406.86
Belgium,1995,100527.49
Belgium,1996,301500.75
Belgium,1997,502768.97
Belgium,1998,804686.75
Belgium,1999,1408440.5
Belgium,2000,3017254.2
Belgium,2001,3218638.8
Belgium,2002,4787267.5
Belgium,2003,5185018
Belgium,2004,5612911
Belgium,2005,5849312.5
Belgium,2006,6538123.5
Belgium,2007,7093620.5
Belgium,2008,7374420.5
Belgium,2009,8060410.5
Belgium,2010,8491168
Belgium,2011,9008620
Belgium,2012,8965991
Belgium,2013,9170422
Belgium,2014,9528596
Belgium,2015,9590001
Belgium,2016,9804659
Belgium,2017,9974952
Belgium,2018,10131158
Belgium,2019,10373209
Belgium,2020,10562241
Belgium,2021,10736432
Belize,1990,0
Belize,1991,0
Belize,1992,0
Belize,1993,0
Belize,1994,0
Belize,1995,92.68516
Belize,1996,1856.7291
Belize,1997,2802.1382
Belize,1998,4709.8022
Belize,1999,9501.496
Belize,2000,14361.452
Belize,2002,14552.764
Belize,2004,26626.111
Belize,2005,47556.99
Belize,2006,69093.36
Belize,2007,72844.78
Belize,2008,80050.09
Belize,2009,85032.37
Belize,2010,90312.195
Belize,2011,100482.945
Belize,2012,103670.51
Belize,2013,114789.35
Belize,2014,135037.45
Belize,2015,148202.22
Belize,2016,162575.3
Belize,2017,175719.42
Belize,2018,189355.53
Belize,2019,220381.8
Belize,2020,232562.28
Belize,2021,245097.06
Benin,1990,0
Benin,1991,0
Benin,1992,0
Benin,1993,0
Benin,1994,0
Benin,1995,0
Benin,1996,108.2206
Benin,1997,1622.7228
Benin,1998,3250.6257
Benin,1999,10847.837
Benin,2000,16266.539
Benin,2001,27058.639
Benin,2002,53954.098
Benin,2003,75279.22
Benin,2004,96484.68
Benin,2005,107098.945
Benin,2006,133689.4
Benin,2007,160276.11
Benin,2008,170726.66
Benin,2009,213011.25
Benin,2010,306661.38
Benin,2011,418716.22
Benin,2012,467894.66
Benin,2013,524732.75
Benin,2014,661800.5
Benin,2015,1278643.2
Benin,2016,1696187.5
Benin,2017,2251438.5
Benin,2018,2352836.2
Benin,2019,2852822.8
Benin,2020,3689598.2
Benin,2021,4555913.5
Bermuda,1990,0
Bermuda,1991,0
Bermuda,1992,0
Bermuda,1993,0
Bermuda,1994,0
Bermuda,1995,4072.0579
Bermuda,1996,9694.908
Bermuda,1997,14560.481
Bermuda,1998,19473.82
Bermuda,1999,24424.756
Bermuda,2000,26443.799
Bermuda,2001,29402.328
Bermuda,2002,32344.402
Bermuda,2003,35272.562
Bermuda,2004,38165.645
Bermuda,2005,41054.945
Bermuda,2006,43935.43
Bermuda,2007,46863.18
Bermuda,2008,52111.54
Bermuda,2009,52936.176
Bermuda,2010,53682.19
Bermuda,2011,56316.848
Bermuda,2012,58125.7
Bermuda,2013,60604.133
Bermuda,2014,61517.37
Bermuda,2015,62417.793
Bermuda,2016,62196.68
Bermuda,2017,62566.273
Bhutan,1990,0
Bhutan,1991,0
Bhutan,1992,0
Bhutan,1993,0
Bhutan,1994,0
Bhutan,1995,0
Bhutan,1999,801.4765
Bhutan,2000,2393.121
Bhutan,2001,5281.1597
Bhutan,2002,10463.996
Bhutan,2003,15539.386
Bhutan,2004,20538.045
Bhutan,2005,25463.037
Bhutan,2006,30309.008
Bhutan,2007,40175.668
Bhutan,2008,44956.516
Bhutan,2009,49759.37
Bhutan,2010,95422.77
Bhutan,2011,102151.73
Bhutan,2012,111896.93
Bhutan,2013,162463.17
Bhutan,2014,222144.75
Bhutan,2015,294767.94
Bhutan,2016,347763.28
Bhutan,2017,409608.25
Bhutan,2018,482451.4
Bhutan,2019,567346.6
Bhutan,2020,615008.25
Bhutan,2021,664071.25
Bolivia,1990,0
Bolivia,1991,0
Bolivia,1992,0
Bolivia,1993,0
Bolivia,1994,0
Bolivia,1995,5260.8794
Bolivia,1996,15729.126
Bolivia,1997,36579.094
Bolivia,1998,52082.125
Bolivia,1999,83059.695
Bolivia,2000,124168.99
Bolivia,2001,185598.56
Bolivia,2002,277441.34
Bolivia,2003,317552.66
Bolivia,2004,408663.84
Bolivia,2005,489341.47
Bolivia,2006,590408.4
Bolivia,2007,1016952.6
Bolivia,2008,1231357.4
Bolivia,2009,1682734.8
Bolivia,2010,2280845.2
Bolivia,2011,3104679.2
Bolivia,2012,3716288.8
Bolivia,2013,3951498.2
Bolivia,2014,3753715.5
Bolivia,2015,4129413.8
Bolivia,2016,4438190
Bolivia,2017,4972592.5
Bolivia,2018,5096613
Bolivia,2019,5540969.5
Bolivia,2020,7082703
Bolivia,2021,7875963
Bosnia and Herzegovina,1990,0
Bosnia and Herzegovina,1991,0
Bosnia and Herzegovina,1992,0
Bosnia and Herzegovina,1993,0
Bosnia and Herzegovina,1994,0
Bosnia and Herzegovina,1995,0
Bosnia and Herzegovina,1996,586.1528
Bosnia and Herzegovina,1997,2387.8545
Bosnia and Herzegovina,1998,5875.2227
Bosnia and Herzegovina,1999,8028.261
Bosnia and Herzegovina,2000,45048.836
Bosnia and Herzegovina,2001,50175.375
Bosnia and Herzegovina,2002,110909.625
Bosnia and Herzegovina,2003,165679.98
Bosnia and Herzegovina,2004,640568.56
Bosnia and Herzegovina,2005,873646.8
Bosnia and Herzegovina,2006,1020790.06
Bosnia and Herzegovina,2007,1120546.9
Bosnia and Herzegovina,2008,1368219.1
Bosnia and Herzegovina,2009,1464235.9
Bosnia and Herzegovina,2010,1629407.8
Bosnia and Herzegovina,2011,1642189
Bosnia and Herzegovina,2012,1653916.2
Bosnia and Herzegovina,2013,1752035.2
Bosnia and Herzegovina,2014,1779482.8
Bosnia and Herzegovina,2015,1850752.5
Bosnia and Herzegovina,2016,2092707.6
Bosnia and Herzegovina,2017,2224942.2
Bosnia and Herzegovina,2018,2374968.2
Bosnia and Herzegovina,2019,2340077.5
Bosnia and Herzegovina,2020,2415513.5
Bosnia and Herzegovina,2021,2455626
Botswana,1960,0
Botswana,1965,0
Botswana,1970,0
Botswana,1975,0
Botswana,1976,0
Botswana,1977,0
Botswana,1978,0
Botswana,1979,0
Botswana,1980,0
Botswana,1981,0
Botswana,1982,0
Botswana,1983,0
Botswana,1984,0
Botswana,1985,0
Botswana,1986,0
Botswana,1987,0
Botswana,1988,0
Botswana,1989,0
Botswana,1990,0
Botswana,1991,0
Botswana,1992,0
Botswana,1993,0
Botswana,1994,0
Botswana,1995,967.06854
Botswana,1996,2418.3665
Botswana,1997,4836.8574
Botswana,1998,9680.018
Botswana,1999,18429.734
Botswana,2000,48688.863
Botswana,2001,58745.84
Botswana,2002,59076.39
Botswana,2003,59402.016
Botswana,2004,59724.406
Botswana,2005,60027.11
Botswana,2006,80415.914
Botswana,2007,100911.37
Botswana,2008,121873.31
Botswana,2009,122426.266
Botswana,2010,121986.6
Botswana,2011,186618.42
Botswana,2012,337378.72
Botswana,2013,642206.1
Botswana,2014,798115.4
Botswana,2015,822087.44
Botswana,2016,879678
Botswana,2017,938746.8
Botswana,2018,1333506.4
Botswana,2019,1511803
Botswana,2020,1721141.6
Botswana,2021,1765064.2
Brazil,1990,0
Brazil,1991,4988.953
Brazil,1992,19972.855
Brazil,1993,39979.875
Brazil,1994,59999.445
Brazil,1995,170045.3
Brazil,1996,740207.3
Brazil,1997,1310092.6
Brazil,1998,2499968.2
Brazil,1999,3499311.5
Brazil,2000,4995517
Brazil,2001,7983791
Brazil,2002,16332043
Brazil,2003,23855898
Brazil,2004,34842856
Brazil,2005,38826510
Brazil,2006,52595820
Brazil,2007,58224950
Brazil,2008,64401260
Brazil,2009,75333760
Brazil,2010,78739840
Brazil,2011,89225590
Brazil,2012,95603040
Brazil,2013,101303320
Brazil,2014,109148440
Brazil,2015,117633210
Brazil,2016,123704024
Brazil,2017,138116030
Brazil,2018,145170180
Brazil,2019,153335400
Brazil,2020,169730350
Brazil,2021,169085900
British Virgin Islands,1990,0
British Virgin Islands,1991,0
British Virgin Islands,1992,0
British Virgin Islands,1993,0
British Virgin Islands,1994,0
British Virgin Islands,1995,0
British Virgin Islands,2002,4051.747
British Virgin Islands,2009,9806.4
British Virgin Islands,2010,10248.26
British Virgin Islands,2011,10746.143
British Virgin Islands,2012,11418.743
British Virgin Islands,2016,26343.893
British Virgin Islands,2017,25427.945
Brunei,1990,0
Brunei,1991,0
Brunei,1992,0
Brunei,1993,0
Brunei,1994,0
Brunei,1995,2961.8086
Brunei,1996,9853.331
Brunei,1997,14751.974
Brunei,1998,19633.41
Brunei,1999,24502.225
Brunei,2000,29366.482
Brunei,2001,43061.773
Brunei,2002,52138.15
Brunei,2003,67926.08
Brunei,2004,104872.61
Brunei,2005,130888.82
Brunei,2006,153840.95
Brunei,2007,165710.53
Brunei,2008,173788
Brunei,2009,188632.84
Brunei,2010,207940.2
Brunei,2011,223661.2
Brunei,2012,244445.84
Brunei,2013,265227.22
Brunei,2014,286603.78
Brunei,2015,300622.75
Brunei,2016,384813.9
Brunei,2017,410570.72
Brunei,2018,415920.44
Brunei,2019,420555.5
Brunei,2020,429823.8
Brunei,2021,443048.94
Bulgaria,1990,0
Bulgaria,1991,0
Bulgaria,1992,0
Bulgaria,1993,198.03577
Bulgaria,1994,1643.5449
Bulgaria,1995,10001.139
Bulgaria,1996,60133.49
Bulgaria,1997,100233.27
Bulgaria,1998,150146.83
Bulgaria,1999,234614.28
Bulgaria,2000,429701.75
Bulgaria,2001,603537.56
Bulgaria,2002,713864.94
Bulgaria,2003,939650.4
Bulgaria,2004,1404971.6
Bulgaria,2005,1536700.9
Bulgaria,2006,2069755.1
Bulgaria,2007,2552231.8
Bulgaria,2008,2989368
Bulgaria,2009,3369607.2
Bulgaria,2010,3438399.8
Bulgaria,2011,3540934.5
Bulgaria,2012,3797532.5
Bulgaria,2013,3854708.5
Bulgaria,2014,4008292.5
Bulgaria,2015,4066510.8
Bulgaria,2016,4264027.5
Bulgaria,2017,4486672
Bulgaria,2018,4550771
Bulgaria,2019,4739618.5
Bulgaria,2020,4864825
Bulgaria,2021,5176584.5
Burkina Faso,1990,0
Burkina Faso,1991,0
Burkina Faso,1992,0
Burkina Faso,1993,0
Burkina Faso,1994,0
Burkina Faso,1995,0
Burkina Faso,1996,102.352356
Burkina Faso,1997,2043.2073
Burkina Faso,1998,5105.9033
Burkina Faso,1999,7151.0254
Burkina Faso,2000,9192.232
Burkina Faso,2001,19393.201
Burkina Faso,2002,25487.678
Burkina Faso,2003,48855.438
Burkina Faso,2004,54042.008
Burkina Faso,2005,65469.086
Burkina Faso,2006,90943.56
Burkina Faso,2007,111122.34
Burkina Faso,2008,140374.55
Burkina Faso,2009,177523.75
Burkina Faso,2010,388236.1
Burkina Faso,2011,499857.22
Burkina Faso,2012,639673.56
Burkina Faso,2013,884770.56
Burkina Faso,2014,1093768
Burkina Faso,2015,1229925.5
Burkina Faso,2016,1380508.5
Burkina Faso,2017,1549774.8
Burkina Faso,2018,1737254.6
Burkina Faso,2019,1943551.9
Burkina Faso,2020,2993694
Burkina Faso,2021,4746537
Burundi,1960,0
Burundi,1965,0
Burundi,1970,0
Burundi,1975,0
Burundi,1976,0
Burundi,1977,0
Burundi,1978,0
Burundi,1979,0
Burundi,1980,0
Burundi,1981,0
Burundi,1982,0
Burundi,1983,0
Burundi,1984,0
Burundi,1985,0
Burundi,1986,0
Burundi,1987,0
Burundi,1988,0
Burundi,1989,0
Burundi,1990,0
Burundi,1991,0
Burundi,1992,0
Burundi,1993,0
Burundi,1994,0
Burundi,1995,0
Burundi,1996,48.78213
Burundi,1997,484.35495
Burundi,1998,980.21063
Burundi,1999,2484.448
Burundi,2000,4998.126
Burundi,2001,7032.5127
Burundi,2002,8068.0713
Burundi,2003,14175.989
Burundi,2004,25518.611
Burundi,2005,41134.023
Burundi,2006,51723.242
Burundi,2007,57133.152
Burundi,2008,68895.71
Burundi,2009,80528.875
Burundi,2010,93764.48
Burundi,2011,107869.58
Burundi,2012,122866.59
Burundi,2013,131976.1
Burundi,2014,151197.05
Burundi,2015,220951.62
Burundi,2016,247268.11
Burundi,2017,306166.06
Burundi,2018,320205
Burundi,2019,334747.66
Burundi,2020,477927.75
Burundi,2021,752636.4
Cambodia,1990,0
Cambodia,1991,0
Cambodia,1992,0
Cambodia,1993,0
Cambodia,1994,0
Cambodia,1995,0
Cambodia,1997,676.31384
Cambodia,1998,1968.4962
Cambodia,1999,3921.3032
Cambodia,2000,5860.1226
Cambodia,2001,9741.472
Cambodia,2002,29179.26
Cambodia,2003,34006.957
Cambodia,2004,39792.043
Cambodia,2005,42645.52
Cambodia,2006,63879.324
Cambodia,2007,67824.69
Cambodia,2008,71672.74
Cambodia,2009,75667.13
Cambodia,2010,182709.2
Cambodia,2011,456400.2
Cambodia,2012,738287.44
Cambodia,2013,910212.6
Cambodia,2014,2155548
Cambodia,2015,2812185.5
Cambodia,2016,5136062.5
Cambodia,2017,5288185
Cambodia,2019,8620691
Cambodia,2020,8973351
Cambodia,2021,10210454
Cameroon,1990,0
Cameroon,1991,0
Cameroon,1992,0
Cameroon,1993,0
Cameroon,1994,0
Cameroon,1995,0
Cameroon,1997,932.4091
Cameroon,1998,1869.4325
Cameroon,1999,18747.254
Cameroon,2000,37597.74
Cameroon,2001,42415.145
Cameroon,2002,56748.984
Cameroon,2003,94961.805
Cameroon,2004,162130.86
Cameroon,2005,239497.58
Cameroon,2006,356052.88
Cameroon,2007,528862
Cameroon,2008,631517.8
Cameroon,2009,733976.75
Cameroon,2010,845726.75
Cameroon,2011,1011615.6
Cameroon,2012,1560714.8
Cameroon,2013,2140238
Cameroon,2014,3576983.8
Cameroon,2015,4165705.2
Cameroon,2016,4831558
Cameroon,2017,5598554.5
Cameroon,2018,7367494
Cameroon,2019,9319718
Cameroon,2020,11933467
Cameroon,2021,12274174
Canada,1990,100319.78
Canada,1991,160604.45
Canada,1992,261055.2
Canada,1993,341515.47
Canada,1994,693327
Canada,1995,1226538.6
Canada,1996,2012334.8
Canada,1997,4530613
Canada,1998,7551374
Canada,1999,11072854
Canada,2000,15847493
Canada,2001,18790574
Canada,2002,19423804
Canada,2003,20439022
Canada,2004,21193418
Canada,2005,23246628
Canada,2006,23717642
Canada,2007,24223468
Canada,2008,25655450
Canada,2009,27162576
Canada,2010,27460112
Canada,2011,28681022
Canada,2012,28985686
Canada,2013,30281756
Canada,2014,31044572
Canada,2015,32366012
Canada,2016,33139710
Canada,2017,34121984
Canada,2018,35295984
Canada,2019,34727388
Canada,2020,35232668
Canada,2021,35698444
Cape Verde,1990,0
Cape Verde,1991,0
Cape Verde,1992,0
Cape Verde,1993,0
Cape Verde,1994,0
Cape Verde,1995,0
Cape Verde,1997,1042.9164
Cape Verde,1998,2079.0366
Cape Verde,1999,5179.6465
Cape Verde,2000,8261.775
Cape Verde,2001,12360.587
Cape Verde,2002,16434.566
Cape Verde,2003,20473.314
Cape Verde,2004,25497.258
Cape Verde,2005,29467.098
Cape Verde,2006,33413.23
Cape Verde,2007,41101.008
Cape Verde,2008,70190.68
Cape Verde,2009,106291.08
Cape Verde,2010,152937.9
Cape Verde,2011,163664.95
Cape Verde,2012,177857
Cape Verde,2013,192086.62
Cape Verde,2014,206265.66
Cape Verde,2015,218709.89
Cape Verde,2016,257932.62
Cape Verde,2017,293184.1
Cape Verde,2018,305483.72
Cape Verde,2019,318460.9
Cape Verde,2020,325079.9
Cape Verde,2021,360430.16
Cayman Islands,1990,0
Cayman Islands,1991,0
Cayman Islands,1992,0
Cayman Islands,1993,0
Cayman Islands,1994,0
Cayman Islands,1995,1293.8396
Cayman Islands,2005,17803.514
Cayman Islands,2006,21472.14
Cayman Islands,2007,25848.68
Cayman Islands,2008,31216.75
Cayman Islands,2009,33952.156
Cayman Islands,2010,35719.2
Cayman Islands,2011,38643.902
Cayman Islands,2012,39837.035
Cayman Islands,2013,41896.094
Cayman Islands,2014,44592.637
Cayman Islands,2015,47482.05
Cayman Islands,2016,49865.59
Cayman Islands,2017,52338.113
Central African Republic,1990,0
Central African Republic,1991,0
Central African Republic,1992,0
Central African Republic,1993,0
Central African Republic,1994,0
Central African Republic,1995,0
Central African Republic,1996,200.98735
Central African Republic,1997,504.0047
Central African Republic,1998,1011.6533
Central African Republic,1999,1525.1328
Central African Republic,2000,2046.8234
Central African Republic,2001,3078.508
Central African Republic,2002,5149.2983
Central African Republic,2003,6218.7827
Central African Republic,2004,9366.836
Central African Republic,2005,11502.41
Central African Republic,2006,13621.247
Central African Republic,2007,16771.828
Central African Republic,2008,45589.89
Central African Republic,2009,81522.914
Central African Republic,2010,89860.06
Central African Republic,2011,100430.51
Central African Republic,2012,110660.36
Central African Republic,2013,116060.58
Central African Republic,2014,124826.055
Central African Republic,2015,134250.34
Central African Republic,2016,146123.55
Central African Republic,2017,191740.48
Central African Republic,2018,248811.81
Central African Republic,2019,371306.1
Central African Republic,2020,430564.6
Central African Republic,2021,540995.44
Chad,1990,0
Chad,1991,0
Chad,1992,0
Chad,1993,0
Chad,1994,0
Chad,1995,0
Chad,1997,50.48393
Chad,1998,338.86975
Chad,1999,1013.18
Chad,2000,3039.4192
Chad,2001,4044.0972
Chad,2002,15139.235
Chad,2003,30390.332
Chad,2004,35803.402
Chad,2005,41235.71
Chad,2006,62209.234
Chad,2007,93886.6
Chad,2008,136567.97
Chad,2009,178406.3
Chad,2010,209313.86
Chad,2011,242345.08
Chad,2012,277431.12
Chad,2013,342277.03
Chad,2014,411471.72
Chad,2015,512666.9
Chad,2016,876649.9
Chad,2017,1156084
Chad,2018,1292522.8
Chad,2019,1395580.6
Chad,2020,2008431.4
Chad,2021,3185712.8
Chile,1990,0
Chile,1991,0
Chile,1992,5074.666
Chile,1993,10123.057
Chile,1994,20198.03
Chile,1995,50407.223
Chile,1996,100703.63
Chile,1997,157849.67
Chile,1998,251472.73
Chile,1999,628615.56
Chile,2000,2573604
Chile,2001,2995615.8
Chile,2002,3504601.8
Chile,2003,4082110.8
Chile,2004,4561249.5
Chile,2005,5096789
Chile,2006,5695300.5
Chile,2007,5985094
Chile,2008,6280942
Chile,2009,7069244
Chile,2010,7731658.5
Chile,2011,9066253
Chile,2012,9644273
Chile,2013,10258463
Chile,2014,10916808
Chile,2015,13829825
Chile,2016,15263835
Chile,2017,15279049
Chile,2018,16040314
Chile,2019,16321462
Chile,2020,16730598
Chile,2021,17548312
China,1990,0
China,1991,0
China,1992,0
China,1993,2019.62
China,1994,14122.546
China,1995,60454.098
China,1996,161028.4
China,1997,402065.44
China,1998,2108181.5
China,1999,8924419
China,2000,22546660
China,2001,33753868
China,2002,59140596
China,2003,80260070
China,2004,95053330
China,2005,111656984
China,2006,138700830
China,2007,212130180
China,2008,301443550
China,2009,387989060
China,2010,463585600
China,2011,520976000
China,2012,579308900
China,2013,631585660
China,2014,664829000
China,2015,702255500
China,2016,746956000
China,2017,766908600
China,2018,840053300
China,2019,912204350
China,2020,999026600
China,2021,1042058600
Colombia,1990,0
Colombia,1991,0
Colombia,1992,0
Colombia,1993,0
Colombia,1994,37647.43
Colombia,1995,67329.53
Colombia,1996,120333.52
Colombia,1997,204359.77
Colombia,1998,425624.94
Colombia,1999,652860
Colombia,2000,862923.25
Colombia,2001,1133381.8
Colombia,2002,1854935.4
Colombia,2003,3024835.2
Colombia,2004,3788193.8
Colombia,2005,4637248
Colombia,2006,6549527
Colombia,2007,9425311
Colombia,2008,11202254
Colombia,2009,13281463
Colombia,2010,16343724
Colombia,2011,18262668
Colombia,2012,22391602
Colombia,2013,23860368
Colombia,2014,24479444
Colombia,2015,26258530
Colombia,2016,27578506
Colombia,2017,29966350
Colombia,2018,31437610
Colombia,2019,32443634
Colombia,2020,35337376
Colombia,2021,37381892
Comoros,1990,0
Comoros,1991,0
Comoros,1992,0
Comoros,1993,0
Comoros,1994,0
Comoros,1995,0
Comoros,1997,0
Comoros,1998,195.6437
Comoros,1999,779.1801
Comoros,2000,1456.7579
Comoros,2001,2424.5632
Comoros,2002,3101.3164
Comoros,2003,4833.051
Comoros,2004,7707.9346
Comoros,2005,11853.58
Comoros,2006,13304.544
Comoros,2007,15423.375
Comoros,2008,18879.42
Comoros,2009,22468.215
Comoros,2010,33397.145
Comoros,2011,36743.52
Comoros,2012,40729.832
Comoros,2013,45253.195
Comoros,2014,49663.54
Comoros,2015,54204.605
Comoros,2016,58882.11
Comoros,2017,64151.94
Comoros,2019,128871.63
Comoros,2020,169765.39
Comoros,2021,223664.84
Congo,1990,0
Congo,1991,0
Congo,1992,0
Congo,1993,0
Congo,1994,0
Congo,1995,0
Congo,1996,99.696785
Congo,1997,100.18294
Congo,1998,100.81714
Congo,1999,509.2517
Congo,2000,830.5296
Congo,2001,1054.5314
Congo,2002,5269.0693
Congo,2003,15850.976
Congo,2004,38419.137
Congo,2005,54093.844
Congo,2006,77054.836
Congo,2007,109848.1
Congo,2008,176367.33
Congo,2009,192654.81
Congo,2010,223115.2
Congo,2011,258144.77
Congo,2012,289485.25
Congo,2013,320568.84
Congo,2014,353785.56
Congo,2015,388230.62
Congo,2016,424172.44
Congo,2017,462862.6
Costa Rica,1990,0
Costa Rica,1991,0
Costa Rica,1992,36.5645
Costa Rica,1993,2744.7888
Costa Rica,1994,9660.121
Costa Rica,1995,14735.658
Costa Rica,1996,30437.955
Costa Rica,1997,60716.28
Costa Rica,1998,100864.84
Costa Rica,1999,150788.98
Costa Rica,2000,228398.7
Costa Rica,2001,383234.97
Costa Rica,2002,810856.44
Costa Rica,2003,841565.8
Costa Rica,2004,873293.3
Costa Rica,2005,940455.6
Costa Rica,2006,1084655.6
Costa Rica,2007,1243991
Costa Rica,2008,1433694.8
Costa Rica,2009,1544777.2
Costa Rica,2010,1662927.2
Costa Rica,2011,1807617.1
Costa Rica,2012,2215366.8
Costa Rica,2013,2167544
Costa Rica,2014,2526576.8
Costa Rica,2015,2879405.8
Costa Rica,2016,3206403.2
Costa Rica,2017,3516934
Costa Rica,2018,3642987.5
Costa Rica,2019,4059763.8
Costa Rica,2020,4054149.8
Costa Rica,2021,4187092.8
Cote d'Ivoire,1990,0
Cote d'Ivoire,1991,0
Cote d'Ivoire,1992,0
Cote d'Ivoire,1993,0
Cote d'Ivoire,1994,0
Cote d'Ivoire,1995,29.749163
Cote d'Ivoire,1996,1298.6654
Cote d'Ivoire,1997,3021.4204
Cote d'Ivoire,1998,10160.749
Cote d'Ivoire,1999,20432.893
Cote d'Ivoire,2000,40966.418
Cote d'Ivoire,2001,71942.66
Cote d'Ivoire,2002,92887.586
Cote d'Ivoire,2003,145099.7
Cote d'Ivoire,2004,166416.88
Cote d'Ivoire,2005,208559.19
Cote d'Ivoire,2006,313318.44
Cote d'Ivoire,2007,378550.03
Cote d'Ivoire,2008,408774.47
Cote d'Ivoire,2009,439958.72
Cote d'Ivoire,2010,607177.9
Cote d'Ivoire,2011,666478.1
Cote d'Ivoire,2012,1032551.7
Cote d'Ivoire,2013,1580025.1
Cote d'Ivoire,2014,2452739.2
Cote d'Ivoire,2015,4216140
Cote d'Ivoire,2016,10709665
Cote d'Ivoire,2017,11719891
Cote d'Ivoire,2018,10311846
Cote d'Ivoire,2019,10230950
Cote d'Ivoire,2020,11963365
Cote d'Ivoire,2021,13464009
Croatia,1990,0
Croatia,1991,0
Croatia,1992,0
Croatia,1993,4597.9346
Croatia,1994,12545.301
Croatia,1995,23744.842
Croatia,1996,39189.266
Croatia,1997,77912.45
Croatia,1998,145516.55
Croatia,1999,193211.27
Croatia,2000,287464.6
Croatia,2001,497143.34
Croatia,2002,764707.06
Croatia,2003,979770.4
Croatia,2004,1332236.5
Croatia,2005,1429641.6
Croatia,2006,1639141.6
Croatia,2007,1788533.4
Croatia,2008,1908794.6
Croatia,2009,2180269.8
Croatia,2010,2432300.2
Croatia,2011,2473889
Croatia,2012,2638167.8
Croatia,2013,2831702
Croatia,2014,2893300.8
Croatia,2015,2922129.2
Croatia,2016,3007077.8
Croatia,2017,2736986.5
Croatia,2018,3030509.2
Croatia,2019,3152387.2
Croatia,2020,3096774
Croatia,2021,3188899
Cuba,1990,0
Cuba,1991,0
Cuba,1992,0
Cuba,1993,0
Cuba,1994,0
Cuba,1995,10.018557
Cuba,1996,3502.2524
Cuba,1997,7502.8135
Cuba,1998,25015.613
Cuba,1999,34843.258
Cuba,2000,60120.58
Cuba,2001,120328.98
Cuba,2002,421454.22
Cuba,2003,587513.75
Cuba,2004,944952.9
Cuba,2005,1096754.4
Cuba,2006,1258641.2
Cuba,2007,1319482.2
Cuba,2008,1461154.2
Cuba,2009,1618533.2
Cuba,2010,1796288.8
Cuba,2011,1810206.5
Cuba,2012,2396272.5
Cuba,2013,3155577
Cuba,2014,3280797
Cuba,2015,4206175.5
Cuba,2016,4841812
Cuba,2017,6427952
Cuba,2018,7037035.5
Cuba,2019,7614666
Cuba,2020,7948515.5
Cuba,2021,7909983.5
Curacao,2016,103785.51
Curacao,2017,114811.38
Cyprus,1990,0
Cyprus,1991,0
Cyprus,1992,405.66168
Cyprus,1993,465.61908
Cyprus,1994,937.87506
Cyprus,1995,3538.103
Cyprus,1996,5927.4097
Cyprus,1997,39298.23
Cyprus,1998,81308.6
Cyprus,1999,105624.38
Cyprus,2000,144570.33
Cyprus,2001,181437.12
Cyprus,2002,277944.66
Cyprus,2003,300779.66
Cyprus,2004,344347.12
Cyprus,2005,339962.8
Cyprus,2006,377800.12
Cyprus,2007,437350.8
Cyprus,2008,461614.38
Cyprus,2009,552580.7
Cyprus,2010,597635
Cyprus,2011,651894.7
Cyprus,2012,707281.56
Cyprus,2013,774918.75
Cyprus,2014,833212.1
Cyprus,2015,874576.4
Cyprus,2016,938972.06
Cyprus,2017,1012740.8
Cyprus,2018,1072933.9
Cyprus,2019,1107354
Cyprus,2020,1182468.4
Cyprus,2021,1195585
Czechia,1990,0
Czechia,1991,0
Czechia,1992,0
Czechia,1993,59994.523
Czechia,1994,129980.65
Czechia,1995,149893.34
Czechia,1996,199784.06
Czechia,1997,299735.25
Czechia,1998,399931.5
Czechia,1999,700456.8
Czechia,2000,1001214
Czechia,2001,1503806.1
Czechia,2002,2450306.2
Czechia,2003,3515375
Czechia,2004,3642815.8
Czechia,2005,3625810.8
Czechia,2006,4938991
Czechia,2007,5368284
Czechia,2008,6535214.5
Czechia,2009,6714240.5
Czechia,2010,7201349
Czechia,2011,7398283.5
Czechia,2012,7715540
Czechia,2013,7789865.5
Czechia,2014,7807114.5
Czechia,2015,7963705
Czechia,2016,8054959
Czechia,2017,8298057.5
Czechia,2018,8511741
Czechia,2019,8535402
Czechia,2020,8581359
Czechia,2021,8705781
Democratic Republic of Congo,1990,0
Democratic Republic of Congo,1991,0
Democratic Republic of Congo,1992,0
Democratic Republic of Congo,1993,0
Democratic Republic of Congo,1994,0
Democratic Republic of Congo,1995,0
Democratic Republic of Congo,1996,49.01358
Democratic Republic of Congo,1997,97.221146
Democratic Republic of Congo,1998,195.36981
Democratic Republic of Congo,1999,493.56906
Democratic Republic of Congo,2000,2981.0068
Democratic Republic of Congo,2001,5982.629
Democratic Republic of Congo,2002,49875.492
Democratic Republic of Congo,2003,74667.09
Democratic Republic of Congo,2004,111834.336
Democratic Republic of Congo,2005,139908.44
Democratic Republic of Congo,2006,179455.6
Democratic Republic of Congo,2007,231167.69
Democratic Republic of Congo,2008,283318.9
Democratic Republic of Congo,2009,371907.4
Democratic Republic of Congo,2010,493653.9
Democratic Republic of Congo,2011,850191.75
Democratic Republic of Congo,2012,1230649.1
Democratic Republic of Congo,2013,1667366.8
Democratic Republic of Congo,2014,2352097.5
Democratic Republic of Congo,2015,3079349.8
Democratic Republic of Congo,2016,5213672
Democratic Republic of Congo,2017,7506506
Democratic Republic of Congo,2018,10535575
Democratic Republic of Congo,2019,15318846
Democratic Republic of Congo,2020,21948064
Democratic Republic of Congo,2021,22706676
Denmark,1990,5001.048
Denmark,1991,10002.344
Denmark,1992,20008.76
Denmark,1993,30007.45
Denmark,1994,69987.19
Denmark,1995,200210.53
Denmark,1996,300783.88
Denmark,1997,601543.6
Denmark,1998,1202410
Denmark,1999,1628051.5
Denmark,2000,2091674.2
Denmark,2001,2302018.5
Denmark,2002,3454058.8
Denmark,2003,4110887.8
Denmark,2004,4373938
Denmark,2005,4484135.5
Denmark,2006,4711529
Denmark,2007,4644002
Denmark,2008,4670796.5
Denmark,2009,4796320
Denmark,2010,4922066
Denmark,2011,5003179.5
Denmark,2012,5159097.5
Denmark,2013,5313773
Denmark,2014,5417478.5
Denmark,2015,5475135
Denmark,2016,5554505
Denmark,2017,5597937.5
Denmark,2018,5638503.5
Denmark,2019,5701025.5
Denmark,2020,5630291.5
Denmark,2021,5790349.5
Djibouti,1990,0
Djibouti,1991,0
Djibouti,1992,0
Djibouti,1993,0
Djibouti,1994,0
Djibouti,1995,101.487175
Djibouti,1996,202.06757
Djibouti,1997,557.22253
Djibouti,1998,662.2613
Djibouti,1999,765.95734
Djibouti,2000,1453.553
Djibouti,2001,2649.656
Djibouti,2002,3874.23
Djibouti,2003,5092.1987
Djibouti,2004,6454.719
Djibouti,2005,8002.459
Djibouti,2006,10868.593
Djibouti,2007,14167.386
Djibouti,2008,20175.9
Djibouti,2009,36460.96
Djibouti,2010,60466.38
Djibouti,2011,66399.55
Djibouti,2012,90874.875
Djibouti,2013,125073.79
Djibouti,2014,170462.4
Djibouti,2015,233652.36
Djibouti,2016,319599.28
Djibouti,2017,587352
Djibouti,2018,621693.9
Djibouti,2019,646061.9
Djibouti,2020,677058.06
Djibouti,2021,772129.1
Dominica,1990,0
Dominica,1991,0
Dominica,1992,0
Dominica,1993,0
Dominica,1994,0
Dominica,1995,381.33524
Dominica,1996,809.12604
Dominica,1998,2022.7007
Dominica,1999,2019.7628
Dominica,2000,6040.5483
Dominica,2001,9046.358
Dominica,2002,12599.862
Dominica,2003,16192.2705
Dominica,2004,20818.658
Dominica,2005,26498.756
Dominica,2006,27115.006
Dominica,2007,27733.8
Dominica,2008,28345.246
Dominica,2009,28942.957
Dominica,2010,32679.764
Dominica,2011,33569.477
Dominica,2012,34430.723
Dominica,2013,35563.83
Dominica,2014,40472.523
Dominica,2015,45778.85
Dominica,2016,46670.977
Dominica,2017,47699.22
Dominica,2019,49827.08
Dominica,2020,52086.727
Dominica,2021,54404.785
Dominican Republic,1990,0
Dominican Republic,1991,0
Dominican Republic,1992,0
Dominican Republic,1993,0
Dominican Republic,1994,0
Dominican Republic,1995,1359.4071
Dominican Republic,1996,6023.6313
Dominican Republic,1997,11663.396
Dominican Republic,1998,19439.13
Dominican Republic,1999,93308.95
Dominican Republic,2000,318018.06
Dominican Republic,2001,386255.6
Dominican Republic,2002,604051.94
Dominican Republic,2003,709325.1
Dominican Republic,2004,807198.8
Dominican Republic,2005,1059329
Dominican Republic,2006,1386692.5
Dominican Republic,2007,1669870.1
Dominican Republic,2008,1993126.6
Dominican Republic,2009,2687528.8
Dominican Republic,2010,3083536.5
Dominican Republic,2011,3779336.8
Dominican Republic,2012,4261797
Dominican Republic,2013,4678972
Dominican Republic,2014,5114436.5
Dominican Republic,2015,5657321
Dominican Republic,2016,6739289.5
Dominican Republic,2017,7207720.5
Dominican Republic,2018,8067349.5
Dominican Republic,2019,8684236
Dominican Republic,2020,9048634
Dominican Republic,2021,9481987
East Timor,1990,0
East Timor,1991,0
East Timor,1992,0
East Timor,1993,0
East Timor,1994,0
East Timor,1995,0
East Timor,2002,0
East Timor,2003,0
East Timor,2004,0
East Timor,2005,939.1282
East Timor,2006,4883.05
East Timor,2007,10048.98
East Timor,2008,15486.465
East Timor,2009,21175.66
East Timor,2010,32540.64
East Timor,2011,44408.48
East Timor,2012,79442.37
East Timor,2013,127456.67
East Timor,2014,206834.78
East Timor,2015,224154.75
East Timor,2016,260402.58
East Timor,2017,302914.06
East Timor,2018,352165.53
East Timor,2019,364324.16
East Timor,2020,452571.56
East Timor,2021,532648.75
Ecuador,1990,0
Ecuador,1991,0
Ecuador,1992,559.4078
Ecuador,1993,1829.3861
Ecuador,1994,3961.3442
Ecuador,1995,5080.5464
Ecuador,1996,10176.469
Ecuador,1997,13260.465
Ecuador,1998,15347.402
Ecuador,1999,102681.03
Ecuador,2000,185540.23
Ecuador,2001,344773.94
Ecuador,2002,559803.7
Ecuador,2003,596435.3
Ecuador,2004,657904.8
Ecuador,2005,829974.25
Ecuador,2006,1014201.94
Ecuador,2007,1547508.6
Ecuador,2008,2740137.8
Ecuador,2009,3647186.2
Ecuador,2010,4376765
Ecuador,2011,4807350
Ecuador,2012,5471313.5
Ecuador,2013,6366974
Ecuador,2014,7310477
Ecuador,2015,7960763
Ecuador,2016,8923162
Ecuador,2017,9351809
Ecuador,2018,9803487
Ecuador,2019,10265290
Ecuador,2020,12405062
Ecuador,2021,13474542
Egypt,1990,0
Egypt,1991,0
Egypt,1992,0
Egypt,1993,613.92554
Egypt,1994,4103.523
Egypt,1995,20562.162
Egypt,1996,41200.062
Egypt,1997,61917.203
Egypt,1998,103507.25
Egypt,1999,207729.22
Egypt,2000,468657.56
Egypt,2001,626290
Egypt,2002,2073704.5
Egypt,2003,3143637
Egypt,2004,9473711
Egypt,2005,10340379
Egypt,2006,11296875
Egypt,2007,13509479
Egypt,2008,15464249
Egypt,2009,17500328
Egypt,2010,19266352
Egypt,2011,23319826
Egypt,2012,24594504
Egypt,2013,28028064
Egypt,2014,33056952
Egypt,2015,37667096
Egypt,2016,41926424
Egypt,2017,46611588
Egypt,2018,49590620
Egypt,2019,61609532
Egypt,2020,78613096
Egypt,2021,79955620
El Salvador,1990,0
El Salvador,1991,0
El Salvador,1992,0
El Salvador,1993,0
El Salvador,1994,0
El Salvador,1995,0
El Salvador,1996,5015.162
El Salvador,1997,15018.268
El Salvador,1998,25008.258
El Salvador,1999,49997.88
El Salvador,2000,69976.99
El Salvador,2001,89520.87
El Salvador,2002,113745.95
El Salvador,2003,149964.92
El Salvador,2004,192149.53
El Salvador,2005,252234.47
El Salvador,2006,330127.66
El Salvador,2007,367200
El Salvador,2008,607753.6
El Salvador,2009,732447.2
El Salvador,2010,964852.2
El Salvador,2011,1151034.1
El Salvador,2012,1242445
El Salvador,2013,1418644.1
El Salvador,2014,1526052.5
El Salvador,2015,1657386
El Salvador,2016,1798052.8
El Salvador,2017,2101463.8
El Salvador,2018,2724273.8
El Salvador,2019,3141721.8
El Salvador,2020,3404220
El Salvador,2021,3933652.5
Equatorial Guinea,1990,0
Equatorial Guinea,1991,0
Equatorial Guinea,1992,0
Equatorial Guinea,1993,0
Equatorial Guinea,1994,0
Equatorial Guinea,1995,0
Equatorial Guinea,1997,255.77963
Equatorial Guinea,1998,605.7077
Equatorial Guinea,1999,649.98065
Equatorial Guinea,2000,930.8331
Equatorial Guinea,2001,1239.1821
Equatorial Guinea,2002,2563.0571
Equatorial Guinea,2003,4413.3535
Equatorial Guinea,2004,7594.7314
Equatorial Guinea,2005,10892.763
Equatorial Guinea,2006,12668.481
Equatorial Guinea,2007,16132.62
Equatorial Guinea,2008,19738.592
Equatorial Guinea,2009,24190.049
Equatorial Guinea,2010,71345.82
Equatorial Guinea,2011,142811.94
Equatorial Guinea,2012,180352.97
Equatorial Guinea,2013,220780.08
Equatorial Guinea,2014,264007.75
Equatorial Guinea,2015,309976.8
Equatorial Guinea,2016,358648.06
Equatorial Guinea,2017,409974.03
Equatorial Guinea,2019,820622.56
Equatorial Guinea,2020,924086.06
Equatorial Guinea,2021,948385.06
Eritrea,1990,0
Eritrea,1991,0
Eritrea,1992,0
Eritrea,1993,0
Eritrea,1994,0
Eritrea,1995,0
Eritrea,1996,0
Eritrea,1997,194.07446
Eritrea,1998,191.31546
Eritrea,1999,564.15015
Eritrea,2000,3071.9666
Eritrea,2001,3648.8206
Eritrea,2002,5434.2236
Eritrea,2007,11247.227
Eritrea,2008,13236.756
Eritrea,2009,15594.591
Eritrea,2010,17965.623
Eritrea,2011,20989.451
Eritrea,2012,24295.984
Eritrea,2013,27669.303
Eritrea,2014,30642.164
Eritrea,2015,33655.918
Eritrea,2016,36781.43
Eritrea,2017,41235.152
Eritrea,2019,286183.94
Eritrea,2020,466702.66
Eritrea,2021,728008.2
Estonia,1990,0
Estonia,1991,0
Estonia,1992,1008.6061
Estonia,1993,4523.732
Estonia,1994,17114.63
Estonia,1995,40372.133
Estonia,1996,50573.184
Estonia,1997,81114.375
Estonia,1998,152354.3
Estonia,1999,203531.4
Estonia,2000,399220.34
Estonia,2001,437656.44
Estonia,2002,572742.7
Estonia,2003,621268.75
Estonia,2004,724946.8
Estonia,2005,832553.5
Estonia,2006,855406.6
Estonia,2007,887415.3
Estonia,2008,943709.7
Estonia,2009,967532.8
Estonia,2010,986604.44
Estonia,2011,1015435
Estonia,2012,1036796.9
Estonia,2013,1054392.8
Estonia,2014,1107318.8
Estonia,2015,1162216.4
Estonia,2016,1147950.6
Estonia,2017,1160688.1
Estonia,2018,1181274.6
Estonia,2019,1197177.2
Estonia,2020,1184185.8
Estonia,2021,1211622.1
Eswatini,1990,0
Eswatini,1991,0
Eswatini,1992,0
Eswatini,1993,0
Eswatini,1994,0
Eswatini,1995,10.012505
Eswatini,1996,498.87308
Eswatini,1997,891.3455
Eswatini,1998,979.88635
Eswatini,1999,4852.0864
Eswatini,2000,9645.621
Eswatini,2001,13470.357
Eswatini,2002,19241.88
Eswatini,2003,25996.414
Eswatini,2004,34649.28
Eswatini,2005,39891.023
Eswatini,2006,40086.816
Eswatini,2007,44719.23
Eswatini,2008,75219.71
Eswatini,2009,98801.12
Eswatini,2010,122726.27
Eswatini,2011,202665.3
Eswatini,2012,233560.22
Eswatini,2013,279110
Eswatini,2014,284076.25
Eswatini,2015,293054.3
Eswatini,2016,328416.72
Eswatini,2017,408843.88
Eswatini,2018,510823.72
Eswatini,2019,637543.4
Eswatini,2020,672951.7
Eswatini,2021,710842.06
Ethiopia,1990,0
Ethiopia,1991,0
Ethiopia,1992,0
Ethiopia,1993,0
Ethiopia,1994,0
Ethiopia,1995,10.069035
Ethiopia,1996,1013.0003
Ethiopia,1997,3049.7915
Ethiopia,1998,6123.1445
Ethiopia,1999,8199.015
Ethiopia,2000,10289.533
Ethiopia,2001,25823.309
Ethiopia,2002,51865.74
Ethiopia,2003,78123.56
Ethiopia,2004,118174.17
Ethiopia,2005,172141.86
Ethiopia,2006,250659.12
Ethiopia,2007,307481.9
Ethiopia,2008,384946.5
Ethiopia,2009,475241.28
Ethiopia,2010,679038.9
Ethiopia,2011,1024649.75
Ethiopia,2012,2778164.5
Ethiopia,2013,4528182.5
Ethiopia,2014,7785902
Ethiopia,2015,14390975
Ethiopia,2016,16399299
Ethiopia,2017,17107972
Ethiopia,2018,17913600
Ethiopia,2019,18694278
Ethiopia,2020,19529786
Ethiopia,2021,20394828
Europe,1990,400940.3
Europe,1991,855162.6
Europe,1992,1524131.2
Europe,1993,2362913.2
Europe,1994,4419364.5
Europe,1995,8363460
Europe,1996,15215709
Europe,1997,27700158
Europe,1998,45125396
Europe,1999,76929520
Europe,2000,109487280
Europe,2001,136094750
Europe,2002,188508380
Europe,2003,228735540
Europe,2004,263861470
Europe,2005,289971780
Europe,2006,315719970
Europe,2007,357602700
Europe,2008,392810500
Europe,2009,429547500
Europe,2010,460674180
Europe,2011,482691700
Europe,2012,510795330
Europe,2013,528108740
Europe,2014,544984060
Europe,2015,550339400
Europe,2016,567194050
Europe,2017,582921900
Europe,2018,607619260
Europe,2019,620024640
Europe,2020,636846800
Europe,2021,654927100
European Union (27),1990,280804.25
European Union (27),1991,612983.7
European Union (27),1992,1151194.8
European Union (27),1993,1760999.5
European Union (27),1994,3338485.8
European Union (27),1995,6448977
European Union (27),1996,11179471
European Union (27),1997,20477698
European Union (27),1998,32804570
European Union (27),1999,58189868
European Union (27),2000,84056136
European Union (27),2001,103442960
European Union (27),2002,138143660
European Union (27),2003,166554220
European Union (27),2004,191338370
European Union (27),2005,209876500
European Union (27),2006,229203780
European Union (27),2007,254735140
European Union (27),2008,273207780
European Union (27),2009,286156640
European Union (27),2010,302847900
European Union (27),2011,307396380
European Union (27),2012,317481820
European Union (27),2013,325551070
European Union (27),2014,332980800
European Union (27),2015,335857340
European Union (27),2016,342181300
European Union (27),2017,350775360
European Union (27),2018,364980220
European Union (27),2019,370206140
European Union (27),2020,379580300
European Union (27),2021,389374050
Fiji,1990,0
Fiji,1991,0
Fiji,1992,0
Fiji,1993,52.78511
Fiji,1994,62.846348
Fiji,1995,72.8088
Fiji,1996,517.93805
Fiji,1997,1814.7773
Fiji,1998,5206.28
Fiji,1999,7839.7295
Fiji,2000,12587.246
Fiji,2001,15785.497
Fiji,2002,52793.242
Fiji,2003,58262.24
Fiji,2004,64816.48
Fiji,2005,74593.53
Fiji,2006,85475.86
Fiji,2007,97845.414
Fiji,2008,117442.39
Fiji,2009,154232.16
Fiji,2010,182085.4
Fiji,2011,255637.48
Fiji,2012,308715.56
Fiji,2013,322558.38
Fiji,2014,343178.3
Fiji,2015,390398.62
Fiji,2016,454252.3
Fiji,2017,604361.6
Fiji,2018,631940.5
Fiji,2019,706185.75
Fiji,2020,776597.9
Fiji,2021,803594.7
Finland,1990,20000.541
Finland,1991,70066.055
Finland,1992,95139.22
Finland,1993,130133.516
Finland,1994,250102.53
Finland,1995,710016.25
Finland,1996,859931
Finland,1997,1000162.1
Finland,1998,1311707.2
Finland,1999,1668208.2
Finland,2000,1928053.8
Finland,2001,2236293.2
Finland,2002,3246702.2
Finland,2003,3608409.5
Finland,2004,3784655.5
Finland,2005,3907279
Finland,2006,4195093.5
Finland,2007,4272224
Finland,2008,4445704
Finland,2009,4404020.5
Finland,2010,4660212
Finland,2011,4779903.5
Finland,2012,4866083.5
Finland,2013,4977520
Finland,2014,4726018.5
Finland,2015,4735690
Finland,2016,4819726
Finland,2017,4818136.5
Finland,2018,4902930.5
Finland,2019,4947899.5
Finland,2020,5096662
Finland,2021,5142558.5
France,1990,30078.229
France,1991,80245.414
France,1992,160606.55
France,1993,341385.44
France,1994,521921.9
France,1995,953157.6
France,1996,1508575.5
France,1997,2492098.8
France,1998,3714691.2
France,1999,5391621.5
France,2000,8510885
France,2001,15770567
France,2002,18206764
France,2003,21951840
France,2004,23950108
France,2005,26418650
France,2006,29082756
France,2007,41261596
France,2008,44373036
France,2009,45171604
France,2010,49008940
France,2011,49597624
France,2012,52169216
France,2013,52746304
France,2014,54179964
France,2015,50638660
France,2016,51594228
France,2017,52555850
France,2018,53754320
France,2019,54778764
France,2020,55825988
France,2021,56894950
French Polynesia,1990,0
French Polynesia,1991,0
French Polynesia,1992,0
French Polynesia,1993,0
French Polynesia,1994,0
French Polynesia,1995,0
French Polynesia,1996,205.14174
French Polynesia,1997,491.22522
French Polynesia,1998,3065.3213
French Polynesia,1999,8160.3047
French Polynesia,2000,15278.948
French Polynesia,2001,15260.566
French Polynesia,2002,20318.906
French Polynesia,2003,35543.785
French Polynesia,2004,45724.145
French Polynesia,2005,55905.633
French Polynesia,2006,66092.695
French Polynesia,2007,76177.484
French Polynesia,2008,90903.69
French Polynesia,2009,120194.32
French Polynesia,2010,132589.1
French Polynesia,2011,133149.66
French Polynesia,2012,144401.84
French Polynesia,2013,156050.05
French Polynesia,2014,167714.06
French Polynesia,2015,179397.98
French Polynesia,2016,191071.97
French Polynesia,2017,203640.7
Gabon,1990,0
Gabon,1991,0
Gabon,1992,0
Gabon,1993,0
Gabon,1994,0
Gabon,1995,0
Gabon,1996,0
Gabon,1997,567.0819
Gabon,1998,2061.478
Gabon,1999,3095.246
Gabon,2000,15512.822
Gabon,2001,17648.354
Gabon,2002,26089.434
Gabon,2003,36764.902
Gabon,2004,42351.05
Gabon,2005,71613.08
Gabon,2006,82795.695
Gabon,2007,89748.55
Gabon,2008,120538.65
Gabon,2009,157848.86
Gabon,2010,223584.8
Gabon,2011,320757.66
Gabon,2012,443254.3
Gabon,2013,584211.2
Gabon,2014,753200.8
Gabon,2015,934457.9
Gabon,2016,1009246.7
Gabon,2017,1085355.8
Gabon,2018,1318542.6
Gabon,2019,1557588.6
Gabon,2020,1644095.6
Gabon,2021,1705288.9
Gambia,1990,0
Gambia,1991,0
Gambia,1992,0
Gambia,1993,0
Gambia,1994,0
Gambia,1995,116.53921
Gambia,1996,462.10022
Gambia,1997,687.0066
Gambia,1998,2837.9084
Gambia,1999,10134.578
Gambia,2000,13412.991
Gambia,2001,19985.336
Gambia,2002,27593.148
Gambia,2003,38443.12
Gambia,2004,53632.957
Gambia,2005,63330.68
Gambia,2006,89841.33
Gambia,2007,109567.19
Gambia,2008,125068.7
Gambia,2009,142789.95
Gambia,2010,177250.33
Gambia,2011,215643.39
Gambia,2012,254349.81
Gambia,2013,294535.5
Gambia,2014,336801.66
Gambia,2015,391517.28
Gambia,2016,454471.22
Gambia,2017,526993
Gambia,2018,611906.44
Gambia,2019,707691.6
Gambia,2020,795080.56
Gambia,2021,849113.5
Georgia,1990,0
Georgia,1991,0
Georgia,1992,0
Georgia,1993,0
Georgia,1994,0
Georgia,1995,583.0544
Georgia,1996,1928.258
Georgia,1997,2860.898
Georgia,1998,4706.004
Georgia,1999,18550.525
Georgia,2000,20981.57
Georgia,2001,41774.137
Georgia,2002,65545.19
Georgia,2003,104540.164
Georgia,2004,157628.1
Georgia,2005,244767.17
Georgia,2006,300817.97
Georgia,2007,327723.1
Georgia,2008,394513.34
Georgia,2009,786530.25
Georgia,2010,1048005.7
Georgia,2011,1219421.9
Georgia,2012,1418203.4
Georgia,2013,1649352.4
Georgia,2014,1668885.2
Georgia,2015,1803640.8
Georgia,2016,2216812
Georgia,2017,2264546.2
Georgia,2018,2380070
Georgia,2019,2613918.2
Georgia,2020,2753066.5
Georgia,2021,2895994
Germany,1990,100346.125
Germany,1991,200978.12
Germany,1992,352297.72
Germany,1993,377801.25
Germany,1994,754395.1
Germany,1995,1507310.5
Germany,1996,2512980.5
Germany,1997,5529240.5
Germany,1998,8101017.5
Germany,1999,17026640
Germany,2000,24716142
Germany,2001,25932844
Germany,2002,40065756
Germany,2003,45900396
Germany,2004,53138612
Germany,2005,56374308
Germany,2006,58956144
Germany,2007,61103990
Germany,2008,63266410
Germany,2009,63938868
Germany,2010,66281350
Germany,2011,65713190
Germany,2012,66634650
Germany,2013,68212696
Germany,2014,70138040
Germany,2015,71891560
Germany,2016,69655210
Germany,2017,70134930
Germany,2018,72561540
Germany,2019,73644480
Germany,2020,75109410
Germany,2021,76524750
Ghana,1990,0
Ghana,1991,0
Ghana,1992,0
Ghana,1993,0
Ghana,1994,0
Ghana,1995,60.534332
Ghana,1996,1006.05505
Ghana,1997,5022.5615
Ghana,1998,6025.1074
Ghana,1999,20087.35
Ghana,2000,30165.566
Ghana,2001,40335.773
Ghana,2002,172112.84
Ghana,2003,254082.08
Ghana,2004,375434.44
Ghana,2005,411093.7
Ghana,2006,627438.94
Ghana,2007,910227.94
Ghana,2008,1035472.6
Ghana,2009,1352529.1
Ghana,2010,1987050
Ghana,2011,2348558.2
Ghana,2012,2833833
Ghana,2013,4107929
Ghana,2014,5327902.5
Ghana,2015,6600096.5
Ghana,2016,8219886
Ghana,2017,11368414
Ghana,2018,13174165
Ghana,2019,14069535
Ghana,2020,18074694
Ghana,2021,22177726
Gibraltar,1990,0
Gibraltar,1991,0
Gibraltar,1992,0
Gibraltar,1993,0
Gibraltar,1994,0
Gibraltar,1995,0
Gibraltar,1997,735.2554
Gibraltar,1998,1157.907
Gibraltar,1999,1645.671
Gibraltar,2000,5305.9683
Gibraltar,2001,5861.2217
Gibraltar,2002,6592.162
Gibraltar,2003,8016.4785
Gibraltar,2004,9451.789
Gibraltar,2005,11404.962
Gibraltar,2006,13417.46
Gibraltar,2007,15499.516
Gibraltar,2008,17649.98
Gibraltar,2009,20072.143
Gibraltar,2010,20326.15
Gibraltar,2011,20595.25
Gibraltar,2012,20840.549
Gibraltar,2016,31810.787
Greece,1990,0
Greece,1991,5028.489
Greece,1992,5002.959
Greece,1993,19894.838
Greece,1994,39580.73
Greece,1995,78853.91
Greece,1996,147490.8
Greece,1997,196474.23
Greece,1998,343942.72
Greece,1999,737792.7
Greece,2000,985407.7
Greece,2001,1185703
Greece,2002,1597605.1
Greece,2003,1943487
Greece,2004,2344926.5
Greece,2005,2635521.5
Greece,2006,3552694.5
Greece,2007,3963210.5
Greece,2008,4231366
Greece,2009,4709820.5
Greece,2010,4939352
Greece,2011,5737714
Greece,2012,6084293
Greece,2013,6565856.5
Greece,2014,6885572
Greece,2015,7232145.5
Greece,2016,7444572.5
Greece,2017,7515962.5
Greece,2018,7751788.5
Greece,2019,8110879.5
Greece,2020,8357903.5
Greece,2021,8304348.5
Greenland,1990,0
Greenland,1991,0
Greenland,1992,0
Greenland,1993,0
Greenland,1994,36.08736
Greenland,1995,30.129456
Greenland,1996,1006.5221
Greenland,1997,4463.6704
Greenland,1998,8232.136
Greenland,1999,12129.436
Greenland,2000,17851.158
Greenland,2001,20013.477
Greenland,2002,24999.117
Greenland,2003,30965.098
Greenland,2004,31934.926
Greenland,2005,32873.05
Greenland,2006,33777.395
Greenland,2007,34692.035
Greenland,2008,35608.26
Greenland,2009,35528.48
Greenland,2010,35679.42
Greenland,2011,36385.92
Greenland,2012,36858.99
Greenland,2013,37198.06
Greenland,2014,37482.062
Greenland,2015,37888.695
Greenland,2016,38416.66
Greenland,2017,38975.492
Grenada,1960,0
Grenada,1965,0
Grenada,1970,0
Grenada,1975,0
Grenada,1976,0
Grenada,1977,0
Grenada,1978,0
Grenada,1979,0
Grenada,1980,0
Grenada,1981,0
Grenada,1982,0
Grenada,1983,0
Grenada,1984,0
Grenada,1985,0
Grenada,1986,0
Grenada,1987,0
Grenada,1988,0
Grenada,1989,0
Grenada,1990,0
Grenada,1991,0
Grenada,1992,0
Grenada,1993,0
Grenada,1994,0
Grenada,1995,0
Grenada,1996,311.7395
Grenada,1997,1043.4899
Grenada,1998,1574.2872
Grenada,1999,2639.9565
Grenada,2000,4367.3193
Grenada,2001,5538.25
Grenada,2002,16000.649
Grenada,2003,20303.67
Grenada,2004,21398.127
Grenada,2005,22484.137
Grenada,2006,23567.469
Grenada,2007,24637.584
Grenada,2008,25709.17
Grenada,2009,26759.473
Grenada,2010,30132
Grenada,2011,33627.9
Grenada,2012,36093.44
Grenada,2013,39724.65
Grenada,2014,58900.367
Grenada,2015,60212.773
Grenada,2016,61373.35
Grenada,2017,62572.816
Grenada,2018,71041.64
Grenada,2019,80746.66
Grenada,2020,86941.12
Grenada,2021,90751.25
Guam,1990,0
Guam,1991,0
Guam,1992,0
Guam,1993,0
Guam,1994,515.3006
Guam,1995,989.7185
Guam,1996,2063.6963
Guam,1997,3615.9155
Guam,1998,7032.9863
Guam,1999,13450.775
Guam,2000,25793.57
Guam,2001,40948.207
Guam,2002,50633.203
Guam,2003,55007.418
Guam,2004,59238.434
Guam,2005,63382.03
Guam,2006,72288.23
Guam,2007,76276.58
Guam,2008,80231.73
Guam,2009,84161.484
Guam,2010,89994.44
Guam,2011,96101.66
Guam,2012,102360.84
Guam,2013,108550.266
Guam,2014,114636.305
Guam,2015,120618.1
Guam,2016,126481.23
Guam,2017,131627.23
Guatemala,1990,0
Guatemala,1991,0
Guatemala,1992,0
Guatemala,1993,0
Guatemala,1994,0
Guatemala,1995,309.1842
Guatemala,1996,2067.4785
Guatemala,1997,10366.552
Guatemala,1998,51974.195
Guatemala,1999,67698.61
Guatemala,2000,83325.8
Guatemala,2001,208052.72
Guatemala,2002,415384.56
Guatemala,2003,569782.44
Guatemala,2004,653177.9
Guatemala,2005,745995.3
Guatemala,2006,868884.56
Guatemala,2007,996599.06
Guatemala,2008,1156619.2
Guatemala,2009,1322052.1
Guatemala,2010,1522512.4
Guatemala,2011,1819431.1
Guatemala,2012,2414342.2
Guatemala,2013,3031306
Guatemala,2014,3669523.5
Guatemala,2015,4600811.5
Guatemala,2016,5614240
Guatemala,2017,6279031
Guatemala,2018,6990960.5
Guatemala,2019,7594268
Guatemala,2020,8246874
Guatemala,2021,8947445
Guinea,1990,0
Guinea,1991,0
Guinea,1992,0
Guinea,1993,0
Guinea,1994,10.159604
Guinea,1995,50.500214
Guinea,1996,151.43347
Guinea,1997,301.6387
Guinea,1998,501.35583
Guinea,1999,5025.9307
Guinea,2000,8043.211
Guinea,2001,14991.21
Guinea,2002,34871.742
Guinea,2003,40003.746
Guinea,2004,46112.895
Guinea,2005,50135.977
Guinea,2006,60186.742
Guinea,2007,75368.21
Guinea,2008,91069.61
Guinea,2009,95349.27
Guinea,2010,103960.9
Guinea,2011,213136.23
Guinea,2012,338568.97
Guinea,2013,503634.34
Guinea,2014,734266.94
Guinea,2015,1082571
Guinea,2016,1581567.1
Guinea,2017,2316120
Guinea,2018,2773455.5
Guinea,2019,3045640
Guinea,2020,3854007.5
Guinea,2021,4754823.5
Guinea-Bissau,1990,0
Guinea-Bissau,1991,0
Guinea-Bissau,1992,0
Guinea-Bissau,1993,0
Guinea-Bissau,1994,0
Guinea-Bissau,1995,0
Guinea-Bissau,1997,191.02272
Guinea-Bissau,1998,285.7122
Guinea-Bissau,1999,1424.448
Guinea-Bissau,2000,2841.192
Guinea-Bissau,2001,3778.409
Guinea-Bissau,2002,13189.625
Guinea-Bissau,2003,17859.28
Guinea-Bissau,2004,24402.127
Guinea-Bissau,2005,26269.072
Guinea-Bissau,2006,29115.812
Guinea-Bissau,2007,32013.201
Guinea-Bissau,2008,35042.133
Guinea-Bissau,2009,35156.906
Guinea-Bissau,2010,38375.625
Guinea-Bissau,2011,42968.004
Guinea-Bissau,2012,47792.082
Guinea-Bissau,2013,52575.38
Guinea-Bissau,2014,57805.383
Guinea-Bissau,2015,108974.12
Guinea-Bissau,2016,252801.92
Guinea-Bissau,2017,277806.97
Guinea-Bissau,2018,301780.22
Guinea-Bissau,2019,450999.53
Guinea-Bissau,2020,561805.56
Guinea-Bissau,2021,723785.3
Guyana,1990,0
Guyana,1991,0
Guyana,1992,0
Guyana,1993,0
Guyana,1994,0
Guyana,1995,0
Guyana,1996,500.8436
Guyana,1997,1004.85925
Guyana,1998,2016.5664
Guyana,1999,3057.96
Guyana,2000,4589.016
Guyana,2001,7644.84
Guyana,2002,11454.855
Guyana,2003,18314.568
Guyana,2004,28209.688
Guyana,2005,43372.55
Guyana,2006,67548.86
Guyana,2007,104448.62
Guyana,2008,137339.75
Guyana,2009,179751.19
Guyana,2010,224028.44
Guyana,2011,223848.3
Guyana,2012,227620.28
Guyana,2013,232506.2
Guyana,2014,241353.92
Guyana,2015,257986.22
Guyana,2016,272283
Guyana,2017,286842.72
Guyana,2019,635149.7
Guyana,2020,660539.5
Guyana,2021,691478
Haiti,1990,0
Haiti,1991,0
Haiti,1992,0
Haiti,1993,0
Haiti,1994,0
Haiti,1995,0
Haiti,1996,576.8533
Haiti,1998,1920.4727
Haiti,1999,5759.585
Haiti,2000,19202.756
Haiti,2001,28820.498
Haiti,2002,76903.56
Haiti,2003,144307.16
Haiti,2004,481266.84
Haiti,2005,577765.1
Haiti,2006,626358.06
Haiti,2007,674877.56
Haiti,2008,724339.44
Haiti,2009,784856.44
Haiti,2010,820536.1
Haiti,2011,892341.4
Haiti,2012,986837.5
Haiti,2013,1083570.8
Haiti,2014,1182549.4
Haiti,2015,1494301.4
Haiti,2016,2433093.2
Haiti,2017,2942430.5
Haiti,2018,3559880.2
Haiti,2019,3606250
Haiti,2020,4092169.5
Haiti,2021,4429837
High-income countries,1990,2630091
High-income countries,1991,4282154
High-income countries,1992,6830663.5
High-income countries,1993,9794630
High-income countries,1994,19947630
High-income countries,1995,37856984
High-income countries,1996,69812504
High-income countries,1997,110115576
High-income countries,1998,166217550
High-income countries,1999,240609710
High-income countries,2000,325870200
High-income countries,2001,393963300
High-income countries,2002,479454460
High-income countries,2003,539369700
High-income countries,2004,607080960
High-income countries,2005,667415800
High-income countries,2006,706449150
High-income countries,2007,783266500
High-income countries,2008,825122000
High-income countries,2009,860913540
High-income countries,2010,900181100
High-income countries,2011,924914370
High-income countries,2012,974548200
High-income countries,2013,999704500
High-income countries,2014,1029925440
High-income countries,2015,1054194370
High-income countries,2016,1118750800
High-income countries,2017,1147914400
High-income countries,2018,1176091600
High-income countries,2019,1202416800
High-income countries,2020,1220956800
High-income countries,2021,1238927400
Honduras,1990,0
Honduras,1991,0
Honduras,1992,0
Honduras,1993,0
Honduras,1994,0
Honduras,1995,2110.7656
Honduras,1996,2580.6953
Honduras,1997,10381.979
Honduras,1998,18781.064
Honduras,1999,36711.527
Honduras,2000,79187.01
Honduras,2001,95644.64
Honduras,2002,180230.28
Honduras,2003,341722.25
Honduras,2004,408744.16
Honduras,2005,486093.53
Honduras,2006,597232.94
Honduras,2007,736471.75
Honduras,2008,769208.7
Honduras,2009,802610.6
Honduras,2010,927776.2
Honduras,2011,1357953.2
Honduras,2012,1579172.8
Honduras,2013,1582291
Honduras,2014,2084519.2
Honduras,2015,2503310
Honduras,2016,2779308
Honduras,2017,3042873.5
Honduras,2018,3519387.2
Honduras,2019,3916634.8
Honduras,2020,4400985
Honduras,2021,4947737
Hong Kong,1990,0
Hong Kong,1991,6807.4824
Hong Kong,1992,48929.05
Hong Kong,1993,78772.96
Hong Kong,1994,168228.47
Hong Kong,1995,198818.5
Hong Kong,1996,299294.1
Hong Kong,1997,674954.3
Hong Kong,1998,948591.5
Hong Kong,1999,1404733.2
Hong Kong,2000,1865758.1
Hong Kong,2001,2619694.8
Hong Kong,2002,2938826.8
Hong Kong,2003,3580351.8
Hong Kong,2004,3884916.2
Hong Kong,2005,3930927
Hong Kong,2006,4214102
Hong Kong,2007,4517431
Hong Kong,2008,4682799.5
Hong Kong,2009,4902738
Hong Kong,2010,5113162
Hong Kong,2011,5157223.5
Hong Kong,2012,5249572
Hong Kong,2013,5390132.5
Hong Kong,2014,5845813.5
Hong Kong,2015,6257645
Hong Kong,2016,6480480.5
Hong Kong,2017,6656918
Hong Kong,2018,6761979.5
Hong Kong,2019,6867743
Hong Kong,2020,6921966
Hong Kong,2021,6967205
Hungary,1990,0
Hungary,1991,351.05524
Hungary,1992,5014.964
Hungary,1993,20031.676
Hungary,1994,50001.965
Hungary,1995,69935.48
Hungary,1996,99853.37
Hungary,1997,199656.66
Hungary,1998,399267.8
Hungary,1999,598659.44
Hungary,2000,713308.9
Hungary,2001,1477073.5
Hungary,2002,1690081.5
Hungary,2003,2186570.2
Hungary,2004,2797797.5
Hungary,2005,3922604.5
Hungary,2006,4729504.5
Hungary,2007,5348166.5
Hungary,2008,6110158.5
Hungary,2009,6200856
Hungary,2010,6486433
Hungary,2011,6765727
Hungary,2012,6999151.5
Hungary,2013,7184005
Hungary,2014,7461556
Hungary,2015,7166363.5
Hungary,2016,7775768
Hungary,2017,7510508
Hungary,2018,7435809
Hungary,2019,7852593
Hungary,2020,8264728.5
Hungary,2021,8605117
Iceland,1990,0
Iceland,1991,1302.3083
Iceland,1992,4018.547
Iceland,1993,7036.656
Iceland,1994,18078.48
Iceland,1995,30004.262
Iceland,1996,39824.543
Iceland,1997,74521.04
Iceland,1998,99407.805
Iceland,1999,114571.77
Iceland,2000,125092.5
Iceland,2001,140798.69
Iceland,2002,227556.25
Iceland,2003,240786.73
Iceland,2004,245073.86
Iceland,2005,258261.23
Iceland,2006,272005.7
Iceland,2007,282365.78
Iceland,2008,288942.28
Iceland,2009,296315.66
Iceland,2010,297132.44
Iceland,2011,302606.6
Iceland,2012,308690.1
Iceland,2013,312706.4
Iceland,2014,321490.7
Iceland,2015,325004.7
Iceland,2016,329665
Iceland,2017,337542.97
Iceland,2018,349370.06
Iceland,2019,358923.28
Iceland,2020,364912.94
Iceland,2021,371480.7
India,1990,0
India,1991,0
India,1992,1005.0635
India,1993,2011.8411
India,1994,10066.33
India,1995,251876.2
India,1996,453923.97
India,1997,707065.5
India,1998,1416222.9
India,1999,2836684.8
India,2000,5580886
India,2001,7115708
India,2002,16879728
India,2003,18834770
India,2004,22448742
India,2005,27574538
India,2006,32905114
India,2007,47031704
India,2008,52907376
India,2009,62746868
India,2010,93261120
India,2011,127005350
India,2012,141932880
India,2013,159387020
India,2014,177157420
India,2015,197875650
India,2016,221750820
India,2017,247457660
India,2018,276049400
India,2019,410090530
India,2020,608812400
India,2021,654917800
Indonesia,1990,0
Indonesia,1991,0
Indonesia,1992,0
Indonesia,1993,0
Indonesia,1994,2083.37
Indonesia,1995,52189.727
Indonesia,1996,115062.41
Indonesia,1997,402560.03
Indonesia,1998,535701.7
Indonesia,1999,946626.7
Indonesia,2000,1999938
Indonesia,2001,4422740.5
Indonesia,2002,4739670
Indonesia,2003,5371940.5
Indonesia,2004,5926744
Indonesia,2005,8316054
Indonesia,2006,11147359
Indonesia,2007,13717079
Indonesia,2008,19014452
Indonesia,2009,16830826
Indonesia,2010,26896542
Indonesia,2011,30634918
Indonesia,2012,36691828
Indonesia,2013,38224356
Indonesia,2014,44371584
Indonesia,2015,57760092
Indonesia,2016,67340680
Indonesia,2017,86448700
Indonesia,2018,107723310
Indonesia,2019,129951950
Indonesia,2020,147648380
Indonesia,2021,171879140
Iran,1990,0
Iran,1991,0
Iran,1992,0
Iran,1993,0
Iran,1994,251.2083
Iran,1995,2600.0386
Iran,1996,9951.645
Iran,1997,29755.408
Iran,1998,64400.645
Iran,1999,247756.02
Iran,2000,620476.5
Iran,2001,1001137.06
Iran,2002,3146322.5
Iran,2003,4768275
Iran,2004,5262198
Iran,2005,5818105
Iran,2006,6429205
Iran,2007,7064871
Iran,2008,9076807
Iran,2009,10551181
Iran,2010,12309915
Iran,2011,14892884
Iran,2012,18040934
Iran,2013,24084200
Iran,2014,32071054
Iran,2015,37455468
Iran,2016,44610544
Iran,2017,54454520
Iran,2018,60455320
Iran,2019,63069708
Iran,2020,66292496
Iran,2021,69522240
Iraq,1990,0
Iraq,1991,0
Iraq,1992,0
Iraq,1993,0
Iraq,1994,0
Iraq,1995,0
Iraq,2001,25197.842
Iraq,2002,130032.79
Iraq,2003,160815.97
Iraq,2004,248200.88
Iraq,2005,255667.05
Iraq,2006,272527.75
Iraq,2007,264041.94
Iraq,2008,289710.4
Iraq,2009,318616.97
Iraq,2010,776134.2
Iraq,2011,1608071.2
Iraq,2012,2389493.8
Iraq,2013,3245942.8
Iraq,2014,4828262.5
Iraq,2015,5709201
Iraq,2016,7655456
Iraq,2017,10227713
Iraq,2018,13650049
Iraq,2019,18258986
Iraq,2020,19283662
Iraq,2021,21069224
Ireland,1990,0
Ireland,1991,2007.3187
Ireland,1992,6038.149
Ireland,1993,10053.935
Ireland,1994,20046.646
Ireland,1995,40020.45
Ireland,1996,80021.75
Ireland,1997,150132.45
Ireland,1998,300449
Ireland,1999,410339.06
Ireland,2000,678779.94
Ireland,2001,893847.94
Ireland,2002,1015502
Ireland,2003,1369976
Ireland,2004,1504037.9
Ireland,2005,1729013.2
Ireland,2006,2340142.5
Ireland,2007,2687002
Ireland,2008,2931147
Ireland,2009,3054840.8
Ireland,2010,3184520
Ireland,2011,3429663.5
Ireland,2012,3538423.5
Ireland,2013,3618710.5
Ireland,2014,3889241.5
Ireland,2015,3926340
Ireland,2016,3969177.5
Ireland,2017,4046100.8
Ireland,2018,4239133
Ireland,2019,4292141.5
Ireland,2020,4583988.5
Ireland,2021,4785533
Israel,1990,5034.667
Israel,1991,10258.801
Israel,1992,15396.157
Israel,1993,20284.826
Israel,1994,30098.592
Israel,1995,49821.676
Israel,1996,119250.57
Israel,1997,248411.38
Israel,1998,596794.06
Israel,1999,798922.44
Israel,2000,1275637.9
Israel,2001,1087897.9
Israel,2002,1134751.8
Israel,2003,1274123.2
Israel,2004,1506286.8
Israel,2005,1695108.6
Israel,2006,1908188.9
Israel,2007,3350895.2
Israel,2008,4206368.5
Israel,2009,4548487.5
Israel,2010,4952296
Israel,2011,5145583.5
Israel,2012,5386309
Israel,2013,5443956
Israel,2014,5924282
Israel,2015,6229098.5
Israel,2016,6539526
Israel,2017,6821652
Israel,2018,7125747.5
Israel,2019,7513631
Israel,2020,7931548.5
Israel,2021,8075184
Italy,1990,10005.919
Italy,1991,20012.492
Italy,1992,40018.02
Italy,1993,70012.49
Italy,1994,110421.58
Italy,1995,301030.47
Italy,1996,584934
Italy,1997,1302049.9
Italy,1998,2608165.5
Italy,1999,8230316.5
Italy,2000,13236106
Italy,2001,15599841
Italy,2002,16100747
Italy,2003,16767609
Italy,2004,19337948
Italy,2005,20481894
Italy,2006,22320810
Italy,2007,24110448
Italy,2008,26522818
Italy,2009,29251132
Italy,2010,32296150
Italy,2011,32834090
Italy,2012,33794748
Italy,2013,35457824
Italy,2014,33752612
Italy,2015,35219540
Italy,2016,37087744
Italy,2017,38092610
Italy,2018,44838732
Italy,2019,40798724
Italy,2020,42228570
Italy,2021,44714784
Jamaica,1990,0
Jamaica,1991,0
Jamaica,1992,0
Jamaica,1993,0
Jamaica,1994,911.30615
Jamaica,1995,2737.3662
Jamaica,1996,14923.299
Jamaica,1997,20326.705
Jamaica,1998,50848.12
Jamaica,1999,61007.527
Jamaica,2000,81254.1
Jamaica,2001,101381.49
Jamaica,2002,161075.5
Jamaica,2003,207217.06
Jamaica,2004,267222.7
Jamaica,2005,343944.97
Jamaica,2006,442959.56
Jamaica,2007,572613.5
Jamaica,2008,643249.4
Jamaica,2009,665091.25
Jamaica,2010,760530.1
Jamaica,2011,1033490.3
Jamaica,2012,936804.8
Jamaica,2013,1032748.56
Jamaica,2014,1128753.9
Jamaica,2015,1183265
Jamaica,2016,1246672.8
Jamaica,2017,1550700
Jamaica,2018,1923719.6
Jamaica,2019,2000036.8
Jamaica,2020,2248529.8
Jamaica,2021,2337133.5
Japan,1990,25042.357
Japan,1991,50098.637
Japan,1992,120251.71
Japan,1993,500954.66
Japan,1994,1001899.3
Japan,1995,2003678.5
Japan,1996,5508877.5
Japan,1997,11569844
Japan,1998,16975358
Japan,1999,27124492
Japan,2000,38096576
Japan,2001,49035960
Japan,2002,59400428
Japan,2003,61837908
Japan,2004,79749280
Japan,2005,85600970
Japan,2006,87915256
Japan,2007,95169150
Japan,2008,96629620
Japan,2009,99990130
Japan,2010,100253704
Japan,2011,101265496
Japan,2012,101698376
Japan,2013,112677064
Japan,2014,113599270
Japan,2015,115894900
Japan,2016,118491100
Japan,2017,116552050
Japan,2018,112631040
Japan,2019,117488880
Japan,2020,113951260
Japan,2021,104205864
Jordan,1990,0
Jordan,1991,0
Jordan,1992,0
Jordan,1993,0
Jordan,1994,0
Jordan,1995,1104.0984
Jordan,1996,2207.6143
Jordan,1997,30244.473
Jordan,1998,67439.86
Jordan,1999,133334.06
Jordan,2000,141314.4
Jordan,2001,258762.81
Jordan,2002,338398.53
Jordan,2003,486104.22
Jordan,2004,685774.8
Jordan,2005,779798.8
Jordan,2006,891291.3
Jordan,2007,1365447
Jordan,2008,1607671
Jordan,2009,1856858.4
Jordan,2010,1984796.6
Jordan,2011,2610670.5
Jordan,2012,2807239.2
Jordan,2013,3308610.2
Jordan,2014,4061772.5
Jordan,2015,5175152.5
Jordan,2016,5618576.5
Jordan,2017,6601076.5
Jordan,2018,6821426
Jordan,2019,7479361
Jordan,2020,8197567
Jordan,2021,9517066
Kazakhstan,1990,0
Kazakhstan,1991,0
Kazakhstan,1992,0
Kazakhstan,1993,0
Kazakhstan,1994,88.81153
Kazakhstan,1995,1890.9451
Kazakhstan,1996,5224.323
Kazakhstan,1997,10363.419
Kazakhstan,1998,20509.494
Kazakhstan,1999,71758.12
Kazakhstan,2000,103639.55
Kazakhstan,2001,156709.39
Kazakhstan,2002,262213.53
Kazakhstan,2003,315012.88
Kazakhstan,2004,420091.9
Kazakhstan,2005,472928.97
Kazakhstan,2006,526328.94
Kazakhstan,2007,653539.94
Kazakhstan,2008,1806918
Kazakhstan,2009,3024813
Kazakhstan,2010,5320431.5
Kazakhstan,2011,8635394
Kazakhstan,2012,10713632
Kazakhstan,2013,11114008
Kazakhstan,2014,11758748
Kazakhstan,2015,12809009
Kazakhstan,2016,13696991
Kazakhstan,2017,14255065
Kazakhstan,2018,14938661
Kazakhstan,2019,15728327
Kazakhstan,2020,16743436
Kazakhstan,2021,17951668
Kenya,1990,0
Kenya,1991,0
Kenya,1992,0
Kenya,1993,0
Kenya,1994,0
Kenya,1995,193.52296
Kenya,1996,2416.986
Kenya,1997,9668.707
Kenya,1998,14519.542
Kenya,1999,33972.215
Kenya,2000,97462.695
Kenya,2001,195970.02
Kenya,2002,394094.3
Kenya,2003,990016
Kenya,2004,1049571
Kenya,2005,1110370.4
Kenya,2006,1328544.4
Kenya,2007,1673599.6
Kenya,2008,2038730.1
Kenya,2009,2464942
Kenya,2010,2995097
Kenya,2011,3762745.2
Kenya,2012,4608272
Kenya,2013,5848283
Kenya,2014,7598488
Kenya,2015,7810976.5
Kenya,2016,7991187.5
Kenya,2017,8770534
Kenya,2018,9790386
Kenya,2019,11607053
Kenya,2020,13332619
Kenya,2021,15304517
Kiribati,1990,0
Kiribati,1991,0
Kiribati,1992,0
Kiribati,1993,0
Kiribati,1994,0
Kiribati,1995,0
Kiribati,1998,528.207
Kiribati,1999,1055.7568
Kiribati,2000,1582.2811
Kiribati,2001,2111.894
Kiribati,2002,2307.025
Kiribati,2003,2825.67
Kiribati,2004,3363.36
Kiribati,2005,3921.8
Kiribati,2006,4501.26
Kiribati,2007,6124.86
Kiribati,2008,7296.45
Kiribati,2009,9551.167
Kiribati,2010,9860.632
Kiribati,2011,11066
Kiribati,2012,12067.901
Kiribati,2013,13092.405
Kiribati,2014,14129.027
Kiribati,2015,17407.074
Kiribati,2016,23009.656
Kiribati,2017,30444.41
Kiribati,2018,40275.387
Kiribati,2019,53278.707
Kiribati,2020,56936.2
Kiribati,2021,68850.14
Kosovo,2017,1483343.8
Kosovo,2018,1581127.4
Kuwait,1990,0
Kuwait,1991,0
Kuwait,1992,0
Kuwait,1993,1523.0391
Kuwait,1994,2449.3335
Kuwait,1995,3411.7737
Kuwait,1996,14805.141
Kuwait,1997,38874
Kuwait,1998,56295.61
Kuwait,1999,90369.89
Kuwait,2000,131579.47
Kuwait,2001,171730.84
Kuwait,2002,211127
Kuwait,2003,472676.47
Kuwait,2004,494613.25
Kuwait,2005,579914.44
Kuwait,2006,680837.25
Kuwait,2007,872745.7
Kuwait,2008,1113601.9
Kuwait,2009,1420108.4
Kuwait,2010,1807231.6
Kuwait,2011,2060423.4
Kuwait,2012,2350934
Kuwait,2013,2646952
Kuwait,2014,2884960
Kuwait,2015,3144261.2
Kuwait,2016,3427403.5
Kuwait,2017,4071592
Kuwait,2018,4306045.5
Kuwait,2019,4421886
Kuwait,2020,4360803
Kuwait,2021,4347665.5
Kyrgyzstan,1990,0
Kyrgyzstan,1991,0
Kyrgyzstan,1992,0
Kyrgyzstan,1993,0
Kyrgyzstan,1994,0
Kyrgyzstan,1995,0
Kyrgyzstan,1998,3573.2815
Kyrgyzstan,1999,10171.273
Kyrgyzstan,2000,52331.97
Kyrgyzstan,2001,152307.98
Kyrgyzstan,2002,153449.97
Kyrgyzstan,2003,201669.75
Kyrgyzstan,2004,264855.2
Kyrgyzstan,2005,552638.7
Kyrgyzstan,2006,650106.3
Kyrgyzstan,2007,745466.6
Kyrgyzstan,2008,838777.2
Kyrgyzstan,2009,863682.06
Kyrgyzstan,2010,895157.3
Kyrgyzstan,2011,979044
Kyrgyzstan,2012,1127911.1
Kyrgyzstan,2013,1333377.6
Kyrgyzstan,2014,1669225.1
Kyrgyzstan,2015,1815390
Kyrgyzstan,2016,2473926.2
Kyrgyzstan,2017,3159835.2
Kyrgyzstan,2018,3621129.5
Kyrgyzstan,2019,4162677
Kyrgyzstan,2020,4798183
Kyrgyzstan,2021,5314544.5
Laos,1990,0
Laos,1991,0
Laos,1992,0
Laos,1993,0
Laos,1994,0
Laos,1995,0
Laos,1998,506.86844
Laos,1999,2017.7861
Laos,2000,6031.038
Laos,2001,10030.569
Laos,2002,15031.526
Laos,2003,19026.145
Laos,2004,20896.795
Laos,2005,49911.996
Laos,2006,69763.07
Laos,2007,99322.29
Laos,2008,218288.58
Laos,2009,374498.94
Laos,2010,443393.88
Laos,2011,578393.25
Laos,2012,700638.94
Laos,2013,826423.1
Laos,2014,955872.06
Laos,2015,1237899.8
Laos,2016,1510954.6
Laos,2017,1790360.6
Laos,2018,2587479.5
Laos,2019,3404023
Laos,2020,3967128.2
Laos,2021,4620979
Latvia,1990,0
Latvia,1991,0
Latvia,1992,0
Latvia,1993,0
Latvia,1994,0
Latvia,1995,0
Latvia,1996,19975.83
Latvia,1997,49965.254
Latvia,1998,79905.15
Latvia,1999,104895.15
Latvia,2000,149655.61
Latvia,2001,168809.89
Latvia,2002,507111.97
Latvia,2003,617567.6
Latvia,2004,873520.3
Latvia,2005,1030302
Latvia,2006,1190070.6
Latvia,2007,1302197.9
Latvia,2008,1380885.9
Latvia,2009,1431742.1
Latvia,2010,1435338
Latvia,2011,1436807.2
Latvia,2012,1487726.9
Latvia,2013,1514471.5
Latvia,2014,1512166.2
Latvia,2015,1566487.8
Latvia,2016,1564795.6
Latvia,2017,1556295.2
Latvia,2018,1611021.9
Latvia,2019,1648862.6
Latvia,2020,1690056.1
Latvia,2021,1719277.1
Lebanon,1990,0
Lebanon,1991,0
Lebanon,1992,0
Lebanon,1993,0
Lebanon,1994,0
Lebanon,1995,2836.603
Lebanon,1996,5655.43
Lebanon,1997,50988.63
Lebanon,1998,113829.36
Lebanon,1999,228798.2
Lebanon,2000,344301.72
Lebanon,2001,298592.12
Lebanon,2002,312445.34
Lebanon,2003,362041.03
Lebanon,2004,413935.66
Lebanon,2005,473650.06
Lebanon,2006,712671.9
Lebanon,2007,907787.9
Lebanon,2008,1109683.4
Lebanon,2009,1504677.6
Lebanon,2010,2202035.5
Lebanon,2011,2649929.2
Lebanon,2012,3206880.8
Lebanon,2013,4049126
Lebanon,2014,4633305
Lebanon,2015,4789628
Lebanon,2016,4812482
Lebanon,2017,4816037
Lebanon,2018,4841153
Lebanon,2019,4621709
Lebanon,2020,4738912
Lebanon,2021,4951272.5
Lesotho,1990,0
Lesotho,1991,0
Lesotho,1992,0
Lesotho,1993,0
Lesotho,1994,0
Lesotho,1995,0
Lesotho,1996,56.134003
Lesotho,1997,111.02635
Lesotho,1998,218.9168
Lesotho,1999,1077.8314
Lesotho,2000,4244.4224
Lesotho,2001,5225.2446
Lesotho,2002,21621.262
Lesotho,2003,30420.977
Lesotho,2004,42882.41
Lesotho,2005,50394.258
Lesotho,2006,57957.29
Lesotho,2007,67298.68
Lesotho,2008,70402.38
Lesotho,2009,73688.88
Lesotho,2010,77055.48
Lesotho,2011,140981.05
Lesotho,2012,203436.3
Lesotho,2013,308476.34
Lesotho,2014,457620.03
Lesotho,2015,526153.5
Lesotho,2016,691404.75
Lesotho,2017,841275.6
Lesotho,2018,890913.25
Lesotho,2019,934620.44
Lesotho,2020,958146.9
Lesotho,2021,1085159
Liberia,1990,0
Liberia,1991,0
Liberia,1992,0
Liberia,1993,0
Liberia,1994,0
Liberia,1995,0
Liberia,1997,108.33003
Liberia,1998,109.458885
Liberia,1999,319.66156
Liberia,2000,518.35596
Liberia,2001,1019.5547
Liberia,2002,1012.40906
Liberia,2003,994.16223
Liberia,2004,978.9899
Liberia,2007,20230.283
Liberia,2008,20251.33
Liberia,2009,78860.7
Liberia,2010,93354.63
Liberia,2011,105529.42
Liberia,2012,113699.195
Liberia,2013,143047.88
Liberia,2014,246928.56
Liberia,2015,465943.6
Liberia,2016,746630.3
Liberia,2017,790375.06
Liberia,2018,934553.56
Liberia,2019,1184395.9
Liberia,2020,1439435.5
Liberia,2021,1768877.9
Libya,1990,0
Libya,1991,0
Libya,1992,0
Libya,1993,0
Libya,1994,0
Libya,1995,0
Libya,1999,6972.2017
Libya,2000,9922.648
Libya,2001,19806.129
Libya,2002,123631.8
Libya,2003,158159.16
Libya,2004,202668.19
Libya,2005,229535.1
Libya,2006,257212
Libya,2007,288248.8
Libya,2008,561189
Libya,2009,687602.44
Libya,2010,909697.2
Libya,2011,888049.4
Libya,2012,939257.7
Libya,2013,1040264.94
Libya,2014,1141481.4
Liechtenstein,1990,0
Liechtenstein,1991,0
Liechtenstein,1992,0
Liechtenstein,1993,0
Liechtenstein,1994,0
Liechtenstein,1995,0
Liechtenstein,2000,12100.051
Liechtenstein,2001,15100.61
Liechtenstein,2002,20083.26
Liechtenstein,2003,20047.637
Liechtenstein,2004,22024.322
Liechtenstein,2005,21998.1
Liechtenstein,2006,22476.242
Liechtenstein,2007,22941.426
Liechtenstein,2008,24826.9
Liechtenstein,2009,26805
Liechtenstein,2010,28816.8
Liechtenstein,2011,30850.75
Liechtenstein,2012,32741.994
Liechtenstein,2013,34640.34
Liechtenstein,2014,35409.55
Liechtenstein,2015,36167
Liechtenstein,2016,36917.64
Liechtenstein,2017,37700.293
Liechtenstein,2019,35826.78
Liechtenstein,2020,36601.176
Liechtenstein,2021,37331.31
Lithuania,1990,0
Lithuania,1991,0
Lithuania,1992,0
Lithuania,1993,0
Lithuania,1994,0
Lithuania,1995,0
Lithuania,1996,9986.393
Lithuania,1997,34963.113
Lithuania,1998,69964.25
Lithuania,1999,102976.44
Lithuania,2000,224973.7
Lithuania,2001,249339.64
Lithuania,2002,609252.6
Lithuania,2003,884898
Lithuania,2004,1054544.4
Lithuania,2005,1203324
Lithuania,2006,1435446.2
Lithuania,2007,1612457.6
Lithuania,2008,1766201.8
Lithuania,2009,1890361.1
Lithuania,2010,1924304.2
Lithuania,2011,1927427
Lithuania,2012,2009056.6
Lithuania,2013,2025082.6
Lithuania,2014,2115696.2
Lithuania,2015,2074083
Lithuania,2016,2133947
Lithuania,2017,2195981.8
Lithuania,2018,2234213.2
Lithuania,2019,2280259.8
Lithuania,2020,2322038.8
Lithuania,2021,2429265.2
Low-income countries,1960,0
Low-income countries,1965,0
Low-income countries,1970,0
Low-income countries,1975,0
Low-income countries,1976,0
Low-income countries,1977,0
Low-income countries,1978,0
Low-income countries,1979,0
Low-income countries,1980,0
Low-income countries,1981,0
Low-income countries,1982,0
Low-income countries,1983,0
Low-income countries,1984,0
Low-income countries,1985,0
Low-income countries,1986,0
Low-income countries,1987,0
Low-income countries,1988,0
Low-income countries,1989,0
Low-income countries,1990,0
Low-income countries,1991,0
Low-income countries,1992,0
Low-income countries,1993,0
Low-income countries,1994,0
Low-income countries,1995,718.3638
Low-income countries,1996,5101.1377
Low-income countries,1997,34172.562
Low-income countries,1998,82169.945
Low-income countries,1999,186020.12
Low-income countries,2000,285860.03
Low-income countries,2001,475785.38
Low-income countries,2002,1180558.2
Low-income countries,2003,1746320.9
Low-income countries,2004,2483730.5
Low-income countries,2005,3765244.8
Low-income countries,2006,4612464.5
Low-income countries,2007,10139993
Low-income countries,2008,9552452
Low-income countries,2009,12890429
Low-income countries,2010,15954005
Low-income countries,2011,19211768
Low-income countries,2012,23996422
Low-income countries,2013,29170580
Low-income countries,2014,36853830
Low-income countries,2015,48117650
Low-income countries,2016,63644270
Low-income countries,2017,75616264
Low-income countries,2018,76824424
Low-income countries,2019,93935900
Low-income countries,2020,112951390
Low-income countries,2021,97785970
Lower-middle-income countries,1989,0
Lower-middle-income countries,1990,0
Lower-middle-income countries,1991,0
Lower-middle-income countries,1992,1005.0635
Lower-middle-income countries,1993,2625.7666
Lower-middle-income countries,1994,20726.174
Lower-middle-income countries,1995,311317.53
Lower-middle-income countries,1996,608273.6
Lower-middle-income countries,1997,1160826.5
Lower-middle-income countries,1998,2953128.2
Lower-middle-income countries,1999,5551232.5
Lower-middle-income countries,2000,10135876
Lower-middle-income countries,2001,16392725
Lower-middle-income countries,2002,33651320
Lower-middle-income countries,2003,45978280
Lower-middle-income countries,2004,67258510
Lower-middle-income countries,2005,85067240
Lower-middle-income countries,2006,105577490
Lower-middle-income countries,2007,134672300
Lower-middle-income countries,2008,156946180
Lower-middle-income countries,2009,186792450
Lower-middle-income countries,2010,256811760
Lower-middle-income countries,2011,315912500
Lower-middle-income countries,2012,355940200
Lower-middle-income countries,2013,404721730
Lower-middle-income countries,2014,472974850
Lower-middle-income countries,2015,537392600
Lower-middle-income countries,2016,625721500
Lower-middle-income countries,2017,708787700
Lower-middle-income countries,2018,793523460
Lower-middle-income countries,2019,1006573000
Lower-middle-income countries,2020,1293746000
Lower-middle-income countries,2021,1417015300
Luxembourg,1990,0
Luxembourg,1991,0
Luxembourg,1992,600.4964
Luxembourg,1993,1200.1903
Luxembourg,1994,1998.8383
Luxembourg,1995,6494.8135
Luxembourg,1996,22971.576
Luxembourg,1997,29925.787
Luxembourg,1998,49819.707
Luxembourg,1999,74752.4
Luxembourg,2000,99821.25
Luxembourg,2001,159753.36
Luxembourg,2002,177842.58
Luxembourg,2003,246481.44
Luxembourg,2004,301931.3
Luxembourg,2005,325758.3
Luxembourg,2006,342877.3
Luxembourg,2007,379034.6
Luxembourg,2008,402100.6
Luxembourg,2009,434974.9
Luxembourg,2010,459822.22
Luxembourg,2011,466879.56
Luxembourg,2012,488209.03
Luxembourg,2013,509542.1
Luxembourg,2014,526635
Luxembourg,2015,548903.94
Luxembourg,2016,572638.44
Luxembourg,2017,580775.9
Luxembourg,2018,590238.5
Luxembourg,2019,602310.1
Luxembourg,2020,620883.44
Luxembourg,2021,631701.9
Macao,1990,0
Macao,1991,0
Macao,1992,0
Macao,1993,0
Macao,1994,144.32079
Macao,1995,1116.4246
Macao,1996,2960.2434
Macao,1997,9812.879
Macao,1998,29611.174
Macao,1999,39634.926
Macao,2000,59512.543
Macao,2001,100246.664
Macao,2002,114790.32
Macao,2003,120746.52
Macao,2004,151819.14
Macao,2005,172716.52
Macao,2006,236060.94
Macao,2007,247179.92
Macao,2008,263894.4
Macao,2009,296725.7
Macao,2010,310659.3
Macao,2011,346558.97
Macao,2012,360165.6
Macao,2013,393978.84
Macao,2014,425872.9
Macao,2015,482816.34
Macao,2016,517875.3
Macao,2017,537768.7
Macao,2018,552016.2
Macao,2019,580184.25
Macao,2020,603372.75
Macao,2021,614326.06
Madagascar,1990,0
Madagascar,1991,0
Madagascar,1992,0
Madagascar,1993,0
Madagascar,1994,0
Madagascar,1995,0
Madagascar,1996,536.1993
Madagascar,1997,2148.731
Madagascar,1998,9690.304
Madagascar,1999,26978.258
Madagascar,2000,32437.209
Madagascar,2001,37900.25
Madagascar,2002,59620.598
Madagascar,2003,76489.586
Madagascar,2004,97750.484
Madagascar,2005,108773.85
Madagascar,2006,119875.62
Madagascar,2007,132070.83
Madagascar,2008,345243.38
Madagascar,2009,351220.62
Madagascar,2010,377116.84
Madagascar,2011,433623.78
Madagascar,2012,539636.2
Madagascar,2013,723278.7
Madagascar,2014,916281.2
Madagascar,2015,1061303.5
Madagascar,2016,1230263.8
Madagascar,2017,1714456.2
Madagascar,2018,2392058.8
Madagascar,2019,3338758
Madagascar,2020,3971495.5
Madagascar,2021,5858101
Malawi,1990,0
Malawi,1991,0
Malawi,1992,0
Malawi,1993,0
Malawi,1994,0
Malawi,1995,0
Malawi,1997,493.0905
Malawi,1998,1948.9092
Malawi,1999,9642.393
Malawi,2000,14346.464
Malawi,2001,19015.018
Malawi,2002,25554.207
Malawi,2003,33964.074
Malawi,2004,43440.723
Malawi,2005,49368.56
Malawi,2006,56112.617
Malawi,2007,131129.11
Malawi,2008,97834.91
Malawi,2009,154034.94
Malawi,2010,335078.12
Malawi,2011,508325.34
Malawi,2012,683460.8
Malawi,2013,816171.75
Malawi,2014,969035.44
Malawi,2015,1025135.25
Malawi,2016,1106137.8
Malawi,2017,1262780
Malawi,2018,1482246.9
Malawi,2019,2556908.2
Malawi,2020,3697133.2
Malawi,2021,4892655.5
Malaysia,1990,0
Malaysia,1991,0
Malaysia,1992,197.35275
Malaysia,1993,4934.715
Malaysia,1994,19742.635
Malaysia,1995,29616.37
Malaysia,1996,177652
Malaysia,1997,493210.5
Malaysia,1998,1479091
Malaysia,1999,2760804.8
Malaysia,2000,4911606
Malaysia,2001,6280637.5
Malaysia,2002,7794308
Malaysia,2003,8630742
Malaysia,2004,10671559
Malaysia,2005,12563869
Malaysia,2006,13641677
Malaysia,2007,15038100
Malaysia,2008,15384089
Malaysia,2009,15721752
Malaysia,2010,16133199
Malaysia,2011,17788840
Malaysia,2012,19518146
Malaysia,2013,17216686
Malaysia,2014,19542824
Malaysia,2015,22195294
Malaysia,2016,25046560
Malaysia,2017,25929966
Malaysia,2018,26724048
Malaysia,2019,28152676
Malaysia,2020,30349796
Malaysia,2021,33168714
Maldives,1960,0
Maldives,1965,0
Maldives,1970,0
Maldives,1975,0
Maldives,1976,0
Maldives,1977,0
Maldives,1978,0
Maldives,1979,0
Maldives,1980,0
Maldives,1981,0
Maldives,1982,0
Maldives,1983,0
Maldives,1984,0
Maldives,1985,0
Maldives,1986,0
Maldives,1987,0
Maldives,1988,0
Maldives,1989,0
Maldives,1990,0
Maldives,1991,0
Maldives,1992,0
Maldives,1993,0
Maldives,1994,0
Maldives,1995,0
Maldives,1996,595.36017
Maldives,1997,828.4163
Maldives,1998,1553.5677
Maldives,1999,3106.884
Maldives,2000,6215.4727
Maldives,2001,10373.594
Maldives,2002,15595.74
Maldives,2003,17720.42
Maldives,2004,19858.055
Maldives,2005,21050.463
Maldives,2006,34639.36
Maldives,2007,52891.703
Maldives,2008,77993.3
Maldives,2009,86373.93
Maldives,2010,95720.77
Maldives,2011,127052.22
Maldives,2012,150589.8
Maldives,2013,176433.95
Maldives,2014,203833.4
Maldives,2015,233187.03
Maldives,2016,263773.03
Maldives,2017,297893.06
Maldives,2018,335432.16
Maldives,2019,377848.22
Maldives,2020,389581.4
Maldives,2021,442664.4
Mali,1990,0
Mali,1991,0
Mali,1992,0
Mali,1993,0
Mali,1994,0
Mali,1995,0
Mali,1996,213.8932
Mali,1997,1073.7972
Mali,1998,2161.409
Mali,1999,6838.6074
Mali,2000,16477.28
Mali,2001,22144.4
Mali,2002,27899.477
Mali,2003,39369.58
Mali,2004,56709.824
Mali,2005,68649.49
Mali,2006,102075.9
Mali,2007,117107.984
Mali,2008,234570.34
Mali,2009,277839.66
Mali,2010,318904.03
Mali,2011,362319.2
Mali,2012,474797.1
Mali,2013,611086.7
Mali,2014,1261418.8
Mali,2015,1920659.1
Mali,2016,2686781.8
Mali,2017,3744660
Mali,2018,4374594.5
Mali,2019,4700591
Mali,2020,6048723.5
Mali,2021,7721841.5
Malta,1990,0
Malta,1991,0
Malta,1992,0
Malta,1993,0
Malta,1994,0
Malta,1995,865.2412
Malta,1996,4076.0044
Malta,1997,15317.295
Malta,1998,25598.916
Malta,1999,30798.406
Malta,2000,52442.375
Malta,2001,72009.83
Malta,2002,117291.13
Malta,2003,129165.87
Malta,2004,142218.95
Malta,2005,170454.83
Malta,2006,167888.6
Malta,2007,195667.28
Malta,2008,209819.69
Malta,2009,247682.88
Malta,2010,266272.03
Malta,2011,288835.97
Malta,2012,290951.6
Malta,2013,295266
Malta,2014,317919.25
Malta,2015,338005.38
Malta,2016,355457.4
Malta,2017,379056.34
Malta,2018,395682.22
Malta,2019,432338.7
Malta,2020,450112.53
Malta,2021,458676.62
Marshall Islands,1990,0
Marshall Islands,1991,0
Marshall Islands,1992,0
Marshall Islands,1993,0
Marshall Islands,1994,0
Marshall Islands,1995,0
Marshall Islands,1996,18.08315
Marshall Islands,1999,485.17078
Marshall Islands,2000,778.198
Marshall Islands,2001,872.71124
Marshall Islands,2002,1201.3761
Marshall Islands,2003,1327.4559
Marshall Islands,2004,1864.7924
Marshall Islands,2005,2014.1326
Marshall Islands,2006,1974.1244
Marshall Islands,2007,2055.975
Marshall Islands,2008,2394.254
Marshall Islands,2009,2914.0159
Marshall Islands,2010,3644.48
Marshall Islands,2011,5192.7
Marshall Islands,2012,6429.75
Marshall Islands,2013,7097.44
Marshall Islands,2014,8368.92
Marshall Islands,2015,9414.267
Marshall Islands,2016,14217.707
Marshall Islands,2017,18013.07
Mauritania,1990,0
Mauritania,1991,0
Mauritania,1992,0
Mauritania,1993,0
Mauritania,1994,0
Mauritania,1995,0
Mauritania,1997,100.612816
Mauritania,1998,1004.57904
Mauritania,1999,3011.0112
Mauritania,2000,5018.646
Mauritania,2001,7003.595
Mauritania,2002,9947.615
Mauritania,2003,11880.829
Mauritania,2004,13811.803
Mauritania,2005,19690.717
Mauritania,2006,29523.648
Mauritania,2007,44342.586
Mauritania,2008,59527.26
Mauritania,2009,74885.55
Mauritania,2010,135638.72
Mauritania,2011,157626.58
Mauritania,2012,180951.75
Mauritania,2013,231528.08
Mauritania,2014,454124.3
Mauritania,2015,698008.8
Mauritania,2016,984883.9
Mauritania,2017,1018965.94
Mauritania,2018,1522527.4
Mauritania,2019,1890767
Mauritania,2020,2461854.8
Mauritania,2021,2782126.2
Mauritius,1990,0
Mauritius,1991,0
Mauritius,1992,0
Mauritius,1993,0
Mauritius,1994,0
Mauritius,1995,0
Mauritius,1996,2154.4912
Mauritius,1997,5632.8955
Mauritius,1998,30657.943
Mauritius,1999,56101.176
Mauritius,2000,88589.484
Mauritius,2001,107636.94
Mauritius,2002,126526.62
Mauritius,2003,151375.31
Mauritius,2004,171086.1
Mauritius,2005,190747.53
Mauritius,2006,211052.11
Mauritius,2007,256697.34
Mauritius,2008,277997.88
Mauritius,2009,287897.5
Mauritius,2010,363391.75
Mauritius,2011,449551.38
Mauritius,2012,456625.4
Mauritius,2013,517903.4
Mauritius,2014,578861
Mauritius,2015,647941.94
Mauritius,2016,674211.2
Mauritius,2017,715064.1
Mauritius,2018,755208.5
Mauritius,2019,794013.25
Mauritius,2020,832623.2
Mauritius,2021,864772.6
Mexico,1990,0
Mexico,1991,4965.104
Mexico,1992,14892.472
Mexico,1993,24810.45
Mexico,1994,38684.195
Mexico,1995,93192.336
Mexico,1996,185281.02
Mexico,1997,589805.9
Mexico,1998,1209775.5
Mexico,1999,1803862.4
Mexico,2000,5011543
Mexico,2001,7044997.5
Mexico,2002,12084286
Mexico,2003,13284228
Mexico,2004,14719573
Mexico,2005,18210158
Mexico,2006,20935916
Mexico,2007,22635942
Mexico,2008,23962256
Mexico,2009,29500726
Mexico,2010,35280220
Mexico,2011,42843268
Mexico,2012,46435236
Mexico,2013,51432116
Mexico,2014,53172236
Mexico,2015,69533090
Mexico,2016,72789000
Mexico,2017,65441252
Mexico,2018,70582920
Mexico,2019,87571416
Mexico,2020,90648860
Mexico,2021,96535830
Micronesia (country),1990,0
Micronesia (country),1991,0
Micronesia (country),1992,0
Micronesia (country),1993,0
Micronesia (country),1994,0
Micronesia (country),1995,0
Micronesia (country),1996,307.85178
Micronesia (country),1997,633.9535
Micronesia (country),1998,2070.5012
Micronesia (country),1999,3124.7168
Micronesia (country),2000,4185.548
Micronesia (country),2001,5237.407
Micronesia (country),2002,6264.357
Micronesia (country),2003,10367.915
Micronesia (country),2004,12333.29
Micronesia (country),2005,13238.221
Micronesia (country),2006,14119.599
Micronesia (country),2007,14969.08
Micronesia (country),2008,15786.42
Micronesia (country),2009,16573.088
Micronesia (country),2010,21511.8
Micronesia (country),2011,24558.336
Micronesia (country),2012,28028.48
Micronesia (country),2013,30060.973
Micronesia (country),2014,32142.676
Micronesia (country),2015,34250.18
Micronesia (country),2016,36383.207
Micronesia (country),2017,38656.176
Micronesia (country),2019,43953.15
Micronesia (country),2020,44515.617
Micronesia (country),2021,45111.277
Moldova,1990,0
Moldova,1991,0
Moldova,1992,0
Moldova,1993,0
Moldova,1994,36.60161
Moldova,1995,152.60902
Moldova,1996,203.75826
Moldova,1997,1225.1606
Moldova,1998,11263.99
Moldova,1999,25699.064
Moldova,2000,54328.15
Moldova,2001,62335.926
Moldova,2002,156903.1
Moldova,2003,303369.9
Moldova,2004,430136.56
Moldova,2005,583552.9
Moldova,2006,769388.4
Moldova,2007,787610.7
Moldova,2008,884025.75
Moldova,2009,1019208.3
Moldova,2010,1077974.6
Moldova,2011,1140819
Moldova,2012,1206731
Moldova,2013,1276232.6
Moldova,2014,1353799.6
Moldova,2015,1416769.4
Moldova,2016,1512051.8
Moldova,2017,1593556.5
Moldova,2018,1586350.9
Moldova,2019,1797830.4
Moldova,2020,1815483.9
Moldova,2021,1853207.1
Monaco,1990,0
Monaco,1991,0
Monaco,1992,0
Monaco,1993,0
Monaco,1994,0
Monaco,1995,0
Monaco,2000,13700.378
Monaco,2001,15144.136
Monaco,2002,15586.965
Monaco,2003,16033.159
Monaco,2004,16969.555
Monaco,2005,17879.086
Monaco,2006,19723.357
Monaco,2007,20510.086
Monaco,2008,21427.195
Monaco,2009,22705.389
Monaco,2010,24891
Monaco,2011,27276.305
Monaco,2012,30222.06
Monaco,2013,32176.73
Monaco,2014,33407.22
Monaco,2015,34343.69
Monaco,2016,35513.6
Monaco,2017,36588.973
Monaco,2019,31778.277
Monaco,2020,32251.117
Monaco,2021,33188.09
Mongolia,1990,0
Mongolia,1991,0
Mongolia,1992,0
Mongolia,1993,0
Mongolia,1994,0
Mongolia,1995,205.80528
Mongolia,1996,429.22366
Mongolia,1997,2693.5696
Mongolia,1998,3518.1067
Mongolia,1999,12376.406
Mongolia,2000,30828.541
Mongolia,2001,40962.35
Mongolia,2002,50990.83
Mongolia,2007,234717.84
Mongolia,2008,258174.25
Mongolia,2009,266533.3
Mongolia,2010,275577.38
Mongolia,2011,343147.62
Mongolia,2012,458455.9
Mongolia,2013,504783.53
Mongolia,2014,580931.7
Mongolia,2015,669718.94
Mongolia,2016,677060.9
Mongolia,2017,736178.8
Mongolia,2018,1492943.6
Mongolia,2019,1650965.6
Mongolia,2020,2159761.8
Mongolia,2021,2725403.2
Montenegro,2004,160657.58
Montenegro,2005,171829.98
Montenegro,2006,183190.16
Montenegro,2007,195083.5
Montenegro,2008,208209.3
Montenegro,2009,221988.19
Montenegro,2010,237033
Montenegro,2011,225310.31
Montenegro,2012,360099.84
Montenegro,2013,381882.3
Montenegro,2014,385139.97
Montenegro,2015,427891.06
Montenegro,2016,436233.38
Montenegro,2017,441968.28
Montenegro,2018,440400.84
Montenegro,2019,449435.47
Montenegro,2020,471810.25
Montenegro,2021,496486.94
Morocco,1990,0
Morocco,1991,0
Morocco,1992,0
Morocco,1993,0
Morocco,1994,0
Morocco,1995,979.54877
Morocco,1996,1521.4792
Morocco,1997,5887.661
Morocco,1998,39305.805
Morocco,1999,49214.438
Morocco,2000,197199.34
Morocco,2001,395175.03
Morocco,2002,692945.94
Morocco,2003,991637.94
Morocco,2004,3476927.2
Morocco,2005,4579357.5
Morocco,2006,6083828.5
Morocco,2007,6705090.5
Morocco,2008,10461840
Morocco,2009,13228711
Morocco,2010,16882844
Morocco,2011,15175165
Morocco,2012,18484162
Morocco,2013,18921040
Morocco,2014,19428318
Morocco,2015,19754012
Morocco,2016,20408602
Morocco,2017,21892478
Morocco,2018,23225550
Morocco,2019,30460746
Morocco,2020,30774768
Morocco,2021,32568068
Mozambique,1990,0
Mozambique,1991,0
Mozambique,1992,0
Mozambique,1993,0
Mozambique,1994,0
Mozambique,1995,0
Mozambique,1996,501.86282
Mozambique,1997,2007.3212
Mozambique,1998,3502.2627
Mozambique,1999,9975.767
Mozambique,2000,19868.744
Mozambique,2001,29666.297
Mozambique,2002,49218.24
Mozambique,2003,81358.98
Mozambique,2004,134804.56
Mozambique,2005,173473.6
Mozambique,2006,175225.7
Mozambique,2007,193717.52
Mozambique,2008,340376.97
Mozambique,2009,600098.94
Mozambique,2010,959068.06
Mozambique,2011,1087856
Mozambique,2012,1216892.5
Mozambique,2013,1377838.8
Mozambique,2014,1547308.4
Mozambique,2015,1725592.5
Mozambique,2016,1913597.5
Mozambique,2017,2195944.2
Mozambique,2018,3163032.5
Mozambique,2019,4374640.5
Mozambique,2020,5021517
Mozambique,2021,5508544
Myanmar,1990,0
Myanmar,1991,0
Myanmar,1992,0
Myanmar,1993,0
Myanmar,1994,0
Myanmar,1995,0
Myanmar,1999,67.947014
Myanmar,2001,132.40538
Myanmar,2002,197.1795
Myanmar,2003,11230.0625
Myanmar,2004,11455.313
Myanmar,2005,30948.244
Myanmar,2006,86992.055
Myanmar,2007,104493.164
Myanmar,2008,106459.734
Myanmar,2009,107053.01
Myanmar,2010,122560.94
Myanmar,2011,484314.28
Myanmar,2012,697724.3
Myanmar,2013,904727.8
Myanmar,2014,3750441
Myanmar,2015,5568707.5
Myanmar,2016,8239312
Myanmar,2017,12258146
Myanmar,2018,15002136
Myanmar,2019,16126676
Myanmar,2020,22242708
Myanmar,2021,23501898
Namibia,1990,0
Namibia,1991,0
Namibia,1992,0
Namibia,1993,0
Namibia,1994,0
Namibia,1995,98.88743
Namibia,1996,148.67877
Namibia,1997,992.4599
Namibia,1998,4968.5674
Namibia,1999,5972.4736
Namibia,2000,29912.055
Namibia,2001,44884.734
Namibia,2002,49776.293
Namibia,2003,64423.89
Namibia,2004,73890.89
Namibia,2005,78860.81
Namibia,2006,87620.664
Namibia,2007,97611.98
Namibia,2008,109087.85
Namibia,2009,135031
Namibia,2010,244738.55
Namibia,2011,257559.72
Namibia,2012,284019.2
Namibia,2013,313098.2
Namibia,2014,343122.03
Namibia,2015,609907.94
Namibia,2016,756971.25
Namibia,2017,923460
Namibia,2018,1030930.8
Namibia,2019,1188134.4
Namibia,2020,1330658.1
Namibia,2021,1488847.2
Nauru,1990,0
Nauru,1991,0
Nauru,1992,0
Nauru,1993,0
Nauru,1994,0
Nauru,1995,0
Nauru,2001,303.10663
Nauru,2011,5462.64
Nauru,2017,7081.3354
Nauru,2019,8676.325
Nauru,2020,8945.031
Nauru,2021,9843.083
Nepal,1989,0
Nepal,1990,0
Nepal,1991,0
Nepal,1992,0
Nepal,1993,0
Nepal,1994,0
Nepal,1995,205.74321
Nepal,1996,1025.7657
Nepal,1997,5108.0156
Nepal,1998,15248.634
Nepal,1999,35384.16
Nepal,2000,50234.844
Nepal,2001,59876.027
Nepal,2002,79268.61
Nepal,2003,98339.38
Nepal,2004,117034.26
Nepal,2005,217461.19
Nepal,2006,303214.94
Nepal,2007,377717.8
Nepal,2008,466927.62
Nepal,2009,535308.8
Nepal,2010,2168217
Nepal,2011,2471805
Nepal,2012,3069950.2
Nepal,2013,3669469.8
Nepal,2014,4272614.5
Nepal,2015,4891844.5
Nepal,2016,5786782.5
Nepal,2017,6806735.5
Nepal,2018,8030791
Nepal,2019,9889663
Nepal,2020,13280064
Nepal,2021,15218351
Netherlands,1990,50261.32
Netherlands,1991,80548.73
Netherlands,1992,201654.81
Netherlands,1993,302729.25
Netherlands,1994,504409
Netherlands,1995,1007549.25
Netherlands,1996,1509117.5
Netherlands,1997,2211607.8
Netherlands,1998,3520554.8
Netherlands,1999,6244727
Netherlands,2000,7063340
Netherlands,2001,7989897
Netherlands,2002,9982952
Netherlands,2003,10532109
Netherlands,2004,11254795
Netherlands,2005,13337223
Netherlands,2006,13805353
Netherlands,2007,14187213
Netherlands,2008,14509324
Netherlands,2009,14954001
Netherlands,2010,15214862
Netherlands,2011,15405240
Netherlands,2012,15707445
Netherlands,2013,15941644
Netherlands,2014,15610911
Netherlands,2015,15691642
Netherlands,2016,15554928
Netherlands,2017,16137460
Netherlands,2018,16008748
Netherlands,2019,16360491
Netherlands,2020,16108216
Netherlands,2021,16321513
New Caledonia,1990,0
New Caledonia,1991,0
New Caledonia,1992,0
New Caledonia,1993,0
New Caledonia,1994,0
New Caledonia,1995,10.378328
New Caledonia,1996,518.7385
New Caledonia,1997,2073.3293
New Caledonia,1998,4144.332
New Caledonia,1999,12430.423
New Caledonia,2000,31100.527
New Caledonia,2001,41528.453
New Caledonia,2002,51997.84
New Caledonia,2003,62504.305
New Caledonia,2004,72977.39
New Caledonia,2005,79082.52
New Caledonia,2006,82970.5
New Caledonia,2007,87880.86
New Caledonia,2008,87597.07
New Caledonia,2009,87443.016
New Caledonia,2010,109863.6
New Caledonia,2011,133275
New Caledonia,2012,157551.2
New Caledonia,2013,182709.12
New Caledonia,2014,196863.1
New Caledonia,2015,209557.42
New Caledonia,2017,232530.84
New Zealand,1990,0
New Zealand,1991,0
New Zealand,1992,10100.148
New Zealand,1993,22557.17
New Zealand,1994,114740.26
New Zealand,1995,179468.2
New Zealand,1996,299913.25
New Zealand,1997,551492.25
New Zealand,1998,1205776.9
New Zealand,1999,1591546.2
New Zealand,2000,1827702.4
New Zealand,2001,2072014.1
New Zealand,2002,2334349
New Zealand,2003,2452270
New Zealand,2004,2525802.8
New Zealand,2005,2593482
New Zealand,2006,2885540.8
New Zealand,2007,2946153.2
New Zealand,2008,3069788.2
New Zealand,2009,3430530.2
New Zealand,2010,3498212.5
New Zealand,2011,3560066.5
New Zealand,2012,3601894.5
New Zealand,2013,3686902.8
New Zealand,2014,3799299.8
New Zealand,2015,3931157.8
New Zealand,2016,4078274.2
New Zealand,2017,4220780.5
New Zealand,2018,4361747.5
New Zealand,2019,4483669.5
New Zealand,2020,4708162
New Zealand,2021,4898799.5
Nicaragua,1990,0
Nicaragua,1991,0
Nicaragua,1992,0
Nicaragua,1993,0
Nicaragua,1994,598.97345
Nicaragua,1995,1395.0378
Nicaragua,1996,3977.5947
Nicaragua,1997,9918.15
Nicaragua,1998,14836.995
Nicaragua,1999,24666.152
Nicaragua,2000,49232.707
Nicaragua,2001,73712.41
Nicaragua,2002,88307.09
Nicaragua,2003,97987.734
Nicaragua,2004,122366.53
Nicaragua,2005,137097.25
Nicaragua,2006,152029.98
Nicaragua,2007,214392.64
Nicaragua,2008,295559.66
Nicaragua,2009,412931.97
Nicaragua,2010,573745.1
Nicaragua,2011,616819.44
Nicaragua,2012,796674.1
Nicaragua,2013,927497.06
Nicaragua,2014,1067702.8
Nicaragua,2015,1211699.1
Nicaragua,2016,1531479.9
Nicaragua,2017,1920135.4
Nicaragua,2018,2406427.8
Nicaragua,2019,2912223.8
Nicaragua,2020,3506158
Nicaragua,2021,3797262.5
Niger,1990,0
Niger,1991,0
Niger,1992,0
Niger,1993,0
Niger,1994,0
Niger,1995,0
Niger,1996,104.39661
Niger,1997,208.5898
Niger,1998,312.73663
Niger,1999,3127.998
Niger,2000,4173.542
Niger,2001,12538.785
Niger,2002,15702.25
Niger,2003,19924.73
Niger,2004,25196.31
Niger,2005,30448.143
Niger,2006,41954.48
Niger,2007,57791.883
Niger,2008,107533.445
Niger,2009,121171.914
Niger,2010,137355.31
Niger,2011,154586.56
Niger,2012,187286.08
Niger,2013,212978.83
Niger,2014,239944.48
Niger,2015,493745.78
Niger,2016,894195.3
Niger,2017,2191627.2
Niger,2019,3812060.2
Niger,2020,5090700
Niger,2021,5485084
Nigeria,1990,0
Nigeria,1991,0
Nigeria,1992,0
Nigeria,1993,0
Nigeria,1994,0
Nigeria,1995,0
Nigeria,1996,10047.9375
Nigeria,1997,20125.49
Nigeria,1998,30238.96
Nigeria,1999,50497.05
Nigeria,2000,80986.914
Nigeria,2001,116748.26
Nigeria,2002,427727
Nigeria,2003,766381.4
Nigeria,2004,1814187.9
Nigeria,2005,5146888
Nigeria,2006,8266392.5
Nigeria,2007,10376193
Nigeria,2008,12607601
Nigeria,2009,15070601
Nigeria,2010,19163932
Nigeria,2011,23650386
Nigeria,2012,28368302
Nigeria,2013,34580444
Nigeria,2014,39038350
Nigeria,2015,46714612
Nigeria,2016,55701452
Nigeria,2017,66484524
Nigeria,2018,79311300
Nigeria,2019,94334260
Nigeria,2020,110118960
Nigeria,2021,120985930
North America,1960,0
North America,1965,0
North America,1970,0
North America,1975,0
North America,1976,0
North America,1977,0
North America,1978,0
North America,1979,0
North America,1980,0
North America,1981,0
North America,1982,0
North America,1983,0
North America,1984,0
North America,1985,0
North America,1986,0
North America,1987,0
North America,1988,0
North America,1989,0
North America,1990,2088613
North America,1991,3148829
North America,1992,4752118
North America,1993,6335239.5
North America,1994,13654878
North America,1995,26139244
North America,1996,46793108
North America,1997,64503444
North America,1998,92445220
North America,1999,113829000
North America,2000,143960430
North America,2001,168070940
North America,2002,204706160
North America,2003,218043660
North America,2004,232304900
North America,2005,250300080
North America,2006,259884750
North America,2007,283951550
North America,2008,288208640
North America,2009,290293060
North America,2010,302547520
North America,2011,309947000
North America,2012,335082080
North America,2013,335518880
North America,2014,348021980
North America,2015,376940700
North America,2016,424755400
North America,2017,431778880
North America,2018,448182660
North America,2019,475619900
North America,2020,485726460
North America,2021,502541100
North Korea,1990,0
North Korea,1991,0
North Korea,1992,0
North Korea,1993,0
North Korea,1994,0
North Korea,1995,0
North Korea,1997,0
North Korea,1998,0
North Korea,1999,0
North Korea,2000,0
North Korea,2001,0
North Korea,2002,0
North Korea,2003,0
North Korea,2004,0
North Korea,2005,0
North Korea,2006,0
North Korea,2007,0
North Korea,2008,0
North Korea,2009,0
North Korea,2010,0
North Korea,2011,0
North Korea,2012,0
North Korea,2013,0
North Macedonia,1990,0
North Macedonia,1991,0
North Macedonia,1992,0
North Macedonia,1993,0
North Macedonia,1994,0
North Macedonia,1995,814.27826
North Macedonia,1996,1529.4545
North Macedonia,1997,10209.547
North Macedonia,1998,20434.059
North Macedonia,1999,30666.643
North Macedonia,2000,51134.414
North Macedonia,2001,71663.1
North Macedonia,2002,359507.72
North Macedonia,2003,396926.22
North Macedonia,2004,509960.4
North Macedonia,2005,552754.5
North Macedonia,2006,597938.2
North Macedonia,2007,755755.8
North Macedonia,2008,953413.4
North Macedonia,2009,1066773.1
North Macedonia,2010,1064733.8
North Macedonia,2011,1156932.4
North Macedonia,2012,1164675.9
North Macedonia,2013,1313463.9
North Macedonia,2014,1359731.2
North Macedonia,2015,1393785.6
North Macedonia,2016,1415188.5
North Macedonia,2017,1446279.9
North Macedonia,2018,1519807.1
North Macedonia,2019,1544925.9
North Macedonia,2020,1523928.9
North Macedonia,2021,1536757.6
Northern Mariana Islands,1990,0
Northern Mariana Islands,1991,0
Northern Mariana Islands,1992,0
Northern Mariana Islands,1993,0
Northern Mariana Islands,1994,0
Northern Mariana Islands,1995,0
Norway,1990,29999.684
Norway,1991,59977.805
Norway,1992,94999.09
Norway,1993,120041.9
Norway,1994,180069.62
Norway,1995,279987.6
Norway,1996,799571.1
Norway,1997,899405.2
Norway,1998,999708.06
Norway,1999,1784715.6
Norway,2000,2335249.2
Norway,2001,2888736
Norway,2002,3305490.8
Norway,2003,3566373.5
Norway,2004,3567322.2
Norway,2005,3790496
Norway,2006,3847232.2
Norway,2007,4093548.5
Norway,2008,4318465.5
Norway,2009,4446198
Norway,2010,4565986.5
Norway,2011,4630530
Norway,2012,4749964.5
Norway,2013,4828832.5
Norway,2014,4947313.5
Norway,2015,5024240
Norway,2016,5094508.5
Norway,2017,5084605
Norway,2018,5125397
Norway,2019,5240778.5
Norway,2020,5089201
Norway,2021,5354001
Oceania,1990,100205.09
Oceania,1991,190399.88
Oceania,1992,320505.75
Oceania,1993,372568.4
Oceania,1994,514807.22
Oceania,1995,680129.2
Oceania,1996,904514.1
Oceania,1997,3596938.8
Oceania,1998,7006373.5
Oceania,1999,9390647
Oceania,2000,10920936
Oceania,2001,12463434
Oceania,2002,2619054.8
Oceania,2003,2785937.2
Oceania,2004,2910371.2
Oceania,2005,15810391
Oceania,2006,16957380
Oceania,2007,18027800
Oceania,2008,18921514
Oceania,2009,20260468
Oceania,2010,21051034
Oceania,2011,22356034
Oceania,2012,22824094
Oceania,2013,24466046
Oceania,2014,25238508
Oceania,2015,26052176
Oceania,2016,27087544
Oceania,2017,28220490
Oceania,2018,27912690
Oceania,2019,31616984
Oceania,2020,33776160
Oceania,2021,34744776
Oman,1990,0
Oman,1991,0
Oman,1992,0
Oman,1993,0
Oman,1994,0
Oman,1995,0
Oman,1996,0
Oman,1997,9634.655
Oman,1998,19174.002
Oman,1999,56675.69
Oman,2000,80340.914
Oman,2001,136160.89
Oman,2002,160641.16
Oman,2003,171511.33
Oman,2004,162538.36
Oman,2005,164403.27
Oman,2006,208720.78
Oman,2007,428705.2
Oman,2008,525307.2
Oman,2009,719490.2
Oman,2010,987933.7
Oman,2011,1476845.8
Oman,2012,2128262.5
Oman,2013,2547636.5
Oman,2014,2810516.2
Oman,2015,3077155.5
Oman,2016,3374188.8
Oman,2017,3638340.8
Oman,2018,3931185.8
Oman,2019,4144034.5
Oman,2020,4306882.5
Oman,2021,4337517
Pakistan,1990,0
Pakistan,1991,0
Pakistan,1992,0
Pakistan,1993,0
Pakistan,1994,0
Pakistan,1995,165.13512
Pakistan,1996,4145.2544
Pakistan,1997,39266.426
Pakistan,1998,64393.234
Pakistan,1999,83348.836
Pakistan,2001,2100068
Pakistan,2002,4206941.5
Pakistan,2003,8424292
Pakistan,2004,10558619
Pakistan,2005,11110275
Pakistan,2006,11679375
Pakistan,2007,12545540
Pakistan,2008,13264938
Pakistan,2009,14578240
Pakistan,2010,15939124
Pakistan,2011,16299686
Pakistan,2012,16821038
Pakistan,2013,18996658
Pakistan,2014,21426464
Pakistan,2015,23901998
Pakistan,2016,27265182
Pakistan,2017,30767154
Pakistan,2018,34810892
Pakistan,2019,39399796
Pakistan,2020,44497144
Pakistan,2021,50379440
Palau,1990,0
Palau,1991,0
Palau,1992,0
Palau,1993,0
Palau,1994,0
Palau,1995,0
Palau,2002,3953.0342
Palau,2003,4251.8286
Palau,2004,5351.1836
Palestine,1990,0
Palestine,1991,0
Palestine,1992,0
Palestine,1993,0
Palestine,1994,0
Palestine,1995,0
Palestine,2000,35026.15
Palestine,2001,59556.086
Palestine,2002,102996.5
Palestine,2003,140361.27
Palestine,2004,152939.27
Palestine,2005,569362.8
Palestine,2006,671062.2
Palestine,2007,791282.3
Palestine,2008,932677.3
Palestine,2009,1263817.2
Palestine,2010,1502327.4
Palestine,2011,1690816.8
Palestine,2012,1829448.1
Palestine,2013,2010912.5
Palestine,2014,2370006.5
Palestine,2015,2563726.8
Palestine,2016,2775013.2
Palestine,2017,3002158.8
Palestine,2018,3123781.5
Palestine,2019,3501307.2
Palestine,2020,3853473
Palestine,2021,4243164.5
Panama,1990,0
Panama,1991,0
Panama,1992,0
Panama,1993,0
Panama,1994,203.87045
Panama,1995,1529.1033
Panama,1996,6116.4604
Panama,1997,15291.683
Panama,1998,79601.5
Panama,1999,113257.336
Panama,2000,197324.03
Panama,2001,223106.8
Panama,2002,266559.88
Panama,2003,318580.16
Panama,2004,362207.03
Panama,2005,380468
Panama,2006,585552
Panama,2007,766216.56
Panama,2008,1183918.5
Panama,2009,1392961
Panama,2010,1455043.2
Panama,2011,1577128.4
Panama,2012,1515053.4
Panama,2013,1684294.1
Panama,2014,1748331.2
Panama,2015,2027752.2
Panama,2016,2175706
Panama,2017,2457199
Panama,2018,2575968
Panama,2019,2694471.2
Panama,2020,2813882
Panama,2021,2933574.5
Papua New Guinea,1990,0
Papua New Guinea,1991,0
Papua New Guinea,1992,0
Papua New Guinea,1993,0
Papua New Guinea,1994,0
Papua New Guinea,1995,0
Papua New Guinea,1996,99.49332
Papua New Guinea,1997,5017.232
Papua New Guinea,1998,12138.875
Papua New Guinea,1999,35686.113
Papua New Guinea,2000,46248.32
Papua New Guinea,2001,51791.062
Papua New Guinea,2002,78295.086
Papua New Guinea,2003,84168.61
Papua New Guinea,2004,95421.35
Papua New Guinea,2005,112168.58
Papua New Guinea,2006,118387.96
Papua New Guinea,2007,124682.97
Papua New Guinea,2008,82604.52
Papua New Guinea,2009,119243.72
Papua New Guinea,2010,97709.1
Papua New Guinea,2011,157186.98
Papua New Guinea,2012,282848.88
Papua New Guinea,2013,423437.7
Papua New Guinea,2014,554023.6
Papua New Guinea,2015,690716.5
Papua New Guinea,2016,860462.75
Papua New Guinea,2017,1028860.5
Papua New Guinea,2019,1919714.9
Papua New Guinea,2020,2721906.5
Papua New Guinea,2021,3209550.5
Paraguay,1990,0
Paraguay,1991,0
Paraguay,1992,0
Paraguay,1993,0
Paraguay,1994,0
Paraguay,1995,0
Paraguay,1996,954.3649
Paraguay,1997,4774.121
Paraguay,1998,9550.397
Paraguay,1999,19094.848
Paraguay,2000,38135.707
Paraguay,2001,57002.02
Paraguay,2002,94439.34
Paraguay,2003,112491.266
Paraguay,2004,186023.62
Paraguay,2005,430781.7
Paraguay,2006,438323.72
Paraguay,2007,623207.06
Paraguay,2008,801057.44
Paraguay,2009,1071864.9
Paraguay,2010,1136118.6
Paraguay,2011,1439907.2
Paraguay,2012,1730183
Paraguay,2013,2207523
Paraguay,2014,2610022.2
Paraguay,2015,3062080
Paraguay,2016,3337293
Paraguay,2017,3871383.2
Paraguay,2018,4177383.5
Paraguay,2019,4463964
Paraguay,2020,4883962.5
Paraguay,2021,5148050.5
Peru,1990,0
Peru,1991,0
Peru,1992,0
Peru,1993,0
Peru,1994,2031.0205
Peru,1995,8135.5356
Peru,1996,61093.195
Peru,1997,101963.42
Peru,1998,306381.3
Peru,1999,511290.75
Peru,2000,818279.06
Peru,2001,2043583.9
Peru,2002,2446920
Peru,2003,3199336.2
Peru,2004,3927159
Peru,2005,4805301
Peru,2006,5863169
Peru,2007,7189737.5
Peru,2008,8779410
Peru,2009,9073601
Peru,2010,10113210
Peru,2011,10552400
Peru,2012,11288240
Peru,2013,11688620
Peru,2014,12106562
Peru,2015,12442721
Peru,2016,14032447
Peru,2017,15803410
Peru,2018,17561006
Peru,2019,19453520
Peru,2020,21427762
Peru,2021,23576428
Philippines,1990,0
Philippines,1991,0
Philippines,1992,0
Philippines,1993,0
Philippines,1994,4033.6624
Philippines,1995,20166.139
Philippines,1996,40387.57
Philippines,1997,101190.74
Philippines,1998,836282.75
Philippines,1999,1113122.5
Philippines,2000,1578377
Philippines,2001,2054578.1
Philippines,2002,3598773.5
Philippines,2003,4115994.8
Philippines,2004,4530207
Philippines,2005,4750781.5
Philippines,2006,5138341
Philippines,2007,5437188
Philippines,2008,5765883.5
Philippines,2009,8494583
Philippines,2010,24084282
Philippines,2011,28492098
Philippines,2012,30854056
Philippines,2013,33378962
Philippines,2014,36007190
Philippines,2015,38860496
Philippines,2016,41840404
Philippines,2017,44977788
Philippines,2018,48274188
Philippines,2019,47675500
Philippines,2020,52803624
Philippines,2021,59576760
Poland,1990,0
Poland,1991,1995.1962
Poland,1992,19930.117
Poland,1993,49768.68
Poland,1994,149197
Poland,1995,248508.03
Poland,1996,496827.97
Poland,1997,795138.94
Poland,1998,1572254.5
Poland,1999,2089147.8
Poland,2000,2787264.8
Poland,2001,3786744.8
Poland,2002,8085519.5
Poland,2003,9501217
Poland,2004,12415909
Poland,2005,14796071
Poland,2006,16972128
Poland,2007,18477924
Poland,2008,20187224
Poland,2009,22409870
Poland,2010,23741026
Poland,2011,23670256
Poland,2012,23832244
Poland,2013,24045644
Poland,2014,25484564
Poland,2015,26019940
Poland,2016,28047240
Poland,2017,29068174
Poland,2018,29652788
Poland,2019,30747336
Poland,2020,31752508
Poland,2021,32476874
Portugal,1990,0
Portugal,1991,9992.167
Portugal,1992,24943.344
Portugal,1993,44891.652
Portugal,1994,71879.695
Portugal,1995,149908
Portugal,1996,300104.47
Portugal,1997,500775.66
Portugal,1998,1002790.4
Portugal,1999,1505911.8
Portugal,2000,1689577.2
Portugal,2001,1872801.8
Portugal,2002,2017006.9
Portugal,2003,3101774.8
Portugal,2004,3330984.5
Portugal,2005,3674997.5
Portugal,2006,4000219
Portugal,2007,4439157.5
Portugal,2008,4661931.5
Portugal,2009,5105163
Portugal,2010,5638425
Portugal,2011,5832769.5
Portugal,2012,6343637.5
Portugal,2013,6494136
Portugal,2014,6721366
Portugal,2015,7117408.5
Portugal,2016,7286288
Portugal,2017,7623251
Portugal,2018,7709009.5
Portugal,2019,7793240
Portugal,2020,8116140
Portugal,2021,8552696
Puerto Rico,1990,0
Puerto Rico,1991,0
Puerto Rico,1992,0
Puerto Rico,1993,0
Puerto Rico,1994,999.1774
Puerto Rico,1995,4990.148
Puerto Rico,1996,9975.447
Puerto Rico,1997,49884.504
Puerto Rico,1998,99831.13
Puerto Rico,1999,199805.22
Puerto Rico,2000,399070.28
Puerto Rico,2001,595974.5
Puerto Rico,2002,668690.8
Puerto Rico,2003,750057.9
Puerto Rico,2004,840671.25
Puerto Rico,2005,886490.4
Puerto Rico,2006,960761.7
Puerto Rico,2007,1048396.6
Puerto Rico,2008,1424669.4
Puerto Rico,2009,1550030.8
Puerto Rico,2010,1682819.8
Puerto Rico,2011,1768181.2
Puerto Rico,2012,2516031.2
Puerto Rico,2013,2488673
Puerto Rico,2014,2460103.2
Puerto Rico,2015,2235164.5
Puerto Rico,2016,2386064.2
Puerto Rico,2017,2317855
Puerto Rico,2018,2331223.8
Puerto Rico,2019,2555995.2
Puerto Rico,2021,2758288.2
Qatar,1990,0
Qatar,1991,0
Qatar,1992,0
Qatar,1993,0
Qatar,1994,0
Qatar,1995,978.3123
Qatar,1996,4920.9062
Qatar,1997,16976.379
Qatar,1998,20435.287
Qatar,1999,24933.621
Qatar,2000,31370.393
Qatar,2001,41830.348
Qatar,2002,72729.76
Qatar,2003,143295.75
Qatar,2004,160094.34
Qatar,2005,204154.95
Qatar,2006,281872.06
Qatar,2007,447182.38
Qatar,2008,632135.3
Qatar,2009,842193.56
Qatar,2010,1179374.2
Qatar,2011,1249562.4
Qatar,2012,1321635.6
Qatar,2013,1733850.5
Qatar,2014,2029594
Qatar,2015,2254630.5
Qatar,2016,2472653.5
Qatar,2017,2636039.5
Qatar,2018,2751558.5
Qatar,2019,2788212.8
Qatar,2020,2793643
Qatar,2021,2814988
Romania,1990,0
Romania,1991,0
Romania,1992,0
Romania,1993,845.89764
Romania,1994,5984.9297
Romania,1995,16982.588
Romania,1996,49957.99
Romania,1997,99830.88
Romania,1998,498657.97
Romania,1999,597949.8
Romania,2000,796689.7
Romania,2001,994872.44
Romania,2002,1432467.2
Romania,2003,1921816.8
Romania,2004,3210482.2
Romania,2005,4560880
Romania,2006,5187411.5
Romania,2007,5906412
Romania,2008,6717016.5
Romania,2009,7531153
Romania,2010,8158727.5
Romania,2011,8114831.5
Romania,2012,9248696
Romania,2013,9984208
Romania,2014,10798792
Romania,2015,11080707
Romania,2016,11768126
Romania,2017,12551461
Romania,2018,13852027
Romania,2019,14364344
Romania,2020,15214412
Romania,2021,16089618
Russia,1990,0
Russia,1991,0
Russia,1992,1001.50775
Russia,1993,19920.123
Russia,1994,79757.92
Russia,1995,219695.27
Russia,1996,399462.47
Russia,1997,699294.75
Russia,1998,1199899.6
Russia,1999,1500373
Russia,2000,2900948.2
Russia,2001,4302230.5
Russia,2002,6024779
Russia,2003,12099260
Russia,2004,18669274
Russia,2005,22017448
Russia,2006,25972074
Russia,2007,35475820
Russia,2008,46019788
Russia,2009,61216310
Russia,2010,70527890
Russia,2011,83545380
Russia,2012,95232080
Russia,2013,98287410
Russia,2014,102201550
Russia,2015,101859540
Russia,2016,106551730
Russia,2017,111113864
Russia,2018,118410340
Russia,2019,121098090
Russia,2020,124407790
Russia,2021,128647700
Rwanda,1990,0
Rwanda,1991,0
Rwanda,1992,0
Rwanda,1993,0
Rwanda,1994,0
Rwanda,1995,0
Rwanda,1996,59.263367
Rwanda,1997,126.08394
Rwanda,1998,950.69525
Rwanda,1999,5473.484
Rwanda,2000,5160.936
Rwanda,2001,19944.742
Rwanda,2002,24594.459
Rwanda,2003,30648.152
Rwanda,2004,37987.766
Rwanda,2005,50346.926
Rwanda,2007,202018.2
Rwanda,2008,441192.06
Rwanda,2009,774653.7
Rwanda,2010,825404.8
Rwanda,2011,740161.94
Rwanda,2012,868975.7
Rwanda,2013,998400.6
Rwanda,2014,1204664.4
Rwanda,2015,1455003.2
Rwanda,2016,1740200.8
Rwanda,2017,2098754.8
Rwanda,2018,2397696
Rwanda,2019,2728721
Rwanda,2020,3109669.2
Rwanda,2021,4068254.8
Saint Kitts and Nevis,1990,0
Saint Kitts and Nevis,1991,0
Saint Kitts and Nevis,1992,0
Saint Kitts and Nevis,1993,0
Saint Kitts and Nevis,1994,0
Saint Kitts and Nevis,1995,0
Saint Kitts and Nevis,1996,834.7078
Saint Kitts and Nevis,1997,981.41205
Saint Kitts and Nevis,1998,1471.8785
Saint Kitts and Nevis,1999,1963.6964
Saint Kitts and Nevis,2000,2654.2114
Saint Kitts and Nevis,2001,3532.1875
Saint Kitts and Nevis,2002,9740.249
Saint Kitts and Nevis,2003,10612.04
Saint Kitts and Nevis,2004,11462.697
Saint Kitts and Nevis,2005,15796.06
Saint Kitts and Nevis,2006,17937.92
Saint Kitts and Nevis,2007,20329.29
Saint Kitts and Nevis,2008,23053.645
Saint Kitts and Nevis,2009,26146.137
Saint Kitts and Nevis,2010,29528.73
Saint Kitts and Nevis,2011,29651.545
Saint Kitts and Nevis,2012,30115.84
Saint Kitts and Nevis,2013,30421.432
Saint Kitts and Nevis,2014,32036.16
Saint Kitts and Nevis,2015,35660.754
Saint Kitts and Nevis,2016,36180.355
Saint Kitts and Nevis,2017,37994.32
Saint Kitts and Nevis,2019,37479.57
Saint Kitts and Nevis,2020,37684.94
Saint Kitts and Nevis,2021,37182.27
Saint Lucia,1990,0
Saint Lucia,1991,0
Saint Lucia,1992,0
Saint Lucia,1993,0
Saint Lucia,1994,0
Saint Lucia,1995,453.0657
Saint Lucia,1996,1008.73615
Saint Lucia,1997,1513.8904
Saint Lucia,1998,2018.6614
Saint Lucia,1999,3027.9768
Saint Lucia,2000,8074.728
Saint Lucia,2001,13111.191
Saint Lucia,2002,23669.26
Saint Lucia,2003,34198.285
Saint Lucia,2004,35141.637
Saint Lucia,2005,35685.723
Saint Lucia,2006,40830.965
Saint Lucia,2007,46806.715
Saint Lucia,2008,50644.8
Saint Lucia,2009,52662.8
Saint Lucia,2010,55549.324
Saint Lucia,2011,58416.76
Saint Lucia,2012,79160.7
Saint Lucia,2013,85649.72
Saint Lucia,2014,92645.14
Saint Lucia,2015,100228.586
Saint Lucia,2016,108376.67
Saint Lucia,2017,117097.734
Saint Lucia,2018,126577.88
Saint Lucia,2019,136781.05
Saint Lucia,2020,138219.55
Saint Lucia,2021,139431.89
Saint Vincent and the Grenadines,1990,0
Saint Vincent and the Grenadines,1991,0
Saint Vincent and the Grenadines,1992,0
Saint Vincent and the Grenadines,1993,0
Saint Vincent and the Grenadines,1994,0
Saint Vincent and the Grenadines,1995,145.43944
Saint Vincent and the Grenadines,1996,546.72784
Saint Vincent and the Grenadines,1997,1048.2639
Saint Vincent and the Grenadines,1998,2098.6328
Saint Vincent and the Grenadines,1999,3154.3455
Saint Vincent and the Grenadines,2000,3685.097
Saint Vincent and the Grenadines,2001,5782.915
Saint Vincent and the Grenadines,2002,6291.2983
Saint Vincent and the Grenadines,2003,7311.9985
Saint Vincent and the Grenadines,2004,8318.803
Saint Vincent and the Grenadines,2005,10344.844
Saint Vincent and the Grenadines,2006,13443.24
Saint Vincent and the Grenadines,2007,17847.04
Saint Vincent and the Grenadines,2008,23319.87
Saint Vincent and the Grenadines,2009,34261.51
Saint Vincent and the Grenadines,2010,37061.24
Saint Vincent and the Grenadines,2011,40137.69
Saint Vincent and the Grenadines,2012,43501.2
Saint Vincent and the Grenadines,2013,47047.86
Saint Vincent and the Grenadines,2014,50981.07
Saint Vincent and the Grenadines,2015,52845.652
Saint Vincent and the Grenadines,2016,54777.977
Saint Vincent and the Grenadines,2017,56746.938
Saint Vincent and the Grenadines,2018,58765.84
Saint Vincent and the Grenadines,2019,77062.445
Saint Vincent and the Grenadines,2020,83276.734
Saint Vincent and the Grenadines,2021,87331.125
Samoa,1990,0
Samoa,1991,0
Samoa,1992,0
Samoa,1993,0
Samoa,1994,0
Samoa,1995,0
Samoa,1997,309.97153
Samoa,1998,412.16064
Samoa,1999,514.351
Samoa,2000,1029.1069
Samoa,2001,3095.4624
Samoa,2002,4141.3125
Samoa,2003,5191.8306
Samoa,2004,5728.635
Samoa,2005,6269.113
Samoa,2006,8389.712
Samoa,2007,8966.354
Samoa,2008,9565.956
Samoa,2009,11491.8
Samoa,2010,13512.45
Samoa,2011,21419.86
Samoa,2012,25395.02
Samoa,2013,30337.453
Samoa,2014,42410.812
Samoa,2015,51269.82
Samoa,2016,64512.355
Samoa,2017,80936.664
Samoa,2018,101929.14
Samoa,2019,128416.19
Samoa,2020,146686.94
Samoa,2021,167283.12
San Marino,1990,0
San Marino,1991,0
San Marino,1992,0
San Marino,1993,0
San Marino,1994,0
San Marino,1995,343.02588
San Marino,1996,364.20203
San Marino,1997,366.2834
San Marino,1998,368.3238
San Marino,1999,11336.458
San Marino,2000,13089.488
San Marino,2001,13679.342
San Marino,2002,13987.206
San Marino,2003,13936.462
San Marino,2004,14274.878
San Marino,2005,14374.235
San Marino,2006,14543.44
San Marino,2007,14774.017
San Marino,2008,16203.89
San Marino,2009,16325.341
San Marino,2011,15968.224
San Marino,2017,20705.72
San Marino,2019,23526.555
San Marino,2020,24525.414
San Marino,2021,25901.617
Sao Tome and Principe,1990,0
Sao Tome and Principe,1991,0
Sao Tome and Principe,1992,0
Sao Tome and Principe,1993,0
Sao Tome and Principe,1994,0
Sao Tome and Principe,1995,0
Sao Tome and Principe,1998,416.4491
Sao Tome and Principe,1999,517.4156
Sao Tome and Principe,2000,6680.8096
Sao Tome and Principe,2001,9238.3
Sao Tome and Principe,2002,11365.843
Sao Tome and Principe,2003,15631.355
Sao Tome and Principe,2004,21012.938
Sao Tome and Principe,2005,22242.207
Sao Tome and Principe,2006,23492.658
Sao Tome and Principe,2007,24761.363
Sao Tome and Principe,2008,26905.479
Sao Tome and Principe,2009,29187.81
Sao Tome and Principe,2010,34089.375
Sao Tome and Principe,2011,37432.293
Sao Tome and Principe,2012,40869.34
Sao Tome and Principe,2013,44426.34
Sao Tome and Principe,2014,48033.996
Sao Tome and Principe,2015,51719.523
Sao Tome and Principe,2016,57036.56
Sao Tome and Principe,2017,61953.453
Sao Tome and Principe,2018,63229.66
Sao Tome and Principe,2019,64515.777
Sao Tome and Principe,2020,87655.555
Sao Tome and Principe,2021,113660.28
Saudi Arabia,1990,0
Saudi Arabia,1991,0
Saudi Arabia,1992,0
Saudi Arabia,1993,0
Saudi Arabia,1994,0
Saudi Arabia,1995,1455.9875
Saudi Arabia,1996,3697.3936
Saudi Arabia,1997,7489.2085
Saudi Arabia,1998,15135.56
Saudi Arabia,1999,76367.9
Saudi Arabia,2000,357639.8
Saudi Arabia,2001,797717.25
Saudi Arabia,2002,1143558.8
Saudi Arabia,2003,1503239.1
Saudi Arabia,2004,2013080.1
Saudi Arabia,2005,2612141
Saudi Arabia,2006,4175853.2
Saudi Arabia,2007,6710494
Saudi Arabia,2008,8383638
Saudi Arabia,2009,9202709
Saudi Arabia,2010,10314425
Saudi Arabia,2011,12400177
Saudi Arabia,2012,14613721
Saudi Arabia,2013,16956230
Saudi Arabia,2014,18765748
Saudi Arabia,2015,20867428
Saudi Arabia,2016,23001268
Saudi Arabia,2017,28989510
Saudi Arabia,2018,28333694
Saudi Arabia,2019,29170016
Saudi Arabia,2020,30328718
Saudi Arabia,2021,31328374
Senegal,1990,0
Senegal,1991,0
Senegal,1992,0
Senegal,1993,0
Senegal,1994,0
Senegal,1995,61.303967
Senegal,1996,1018.9714
Senegal,1997,2538.801
Senegal,1998,7590.138
Senegal,1999,30271.94
Senegal,2000,40268.54
Senegal,2001,100474.305
Senegal,2002,105337.71
Senegal,2003,225298.69
Senegal,2004,481397.3
Senegal,2005,537806.56
Senegal,2006,645355.25
Senegal,2007,810976.94
Senegal,2008,857886.1
Senegal,2009,925304.25
Senegal,2010,1010833.44
Senegal,2011,1269972.4
Senegal,2012,1437533.9
Senegal,2013,1796122.4
Senegal,2014,2504922.2
Senegal,2015,3166753.8
Senegal,2016,3858574
Senegal,2017,4587273.5
Senegal,2018,5617816.5
Senegal,2019,5925748.5
Senegal,2020,7921056
Senegal,2021,9997542
Serbia,2004,1777973.1
Serbia,2005,1982793.5
Serbia,2006,2043099.5
Serbia,2007,2480613.2
Serbia,2008,2653725.2
Serbia,2009,2829056.8
Serbia,2010,3024911.8
Serbia,2011,3107970.2
Serbia,2012,3523144
Serbia,2013,3889146.2
Serbia,2014,4486292
Serbia,2015,4687970.5
Serbia,2016,4778526
Serbia,2017,4974856.5
Serbia,2018,5149932
Serbia,2019,5392972.5
Serbia,2020,5413519
Serbia,2021,5548036
Seychelles,1990,0
Seychelles,1991,0
Seychelles,1992,0
Seychelles,1993,0
Seychelles,1994,0
Seychelles,1995,0
Seychelles,1996,514.0197
Seychelles,1997,1022.131
Seychelles,1998,2039.5851
Seychelles,1999,5109.881
Seychelles,2000,6163.4434
Seychelles,2001,9321.091
Seychelles,2002,12284.136
Seychelles,2003,12703.65
Seychelles,2004,21401.959
Seychelles,2005,22691
Seychelles,2006,31593.438
Seychelles,2007,35111.176
Seychelles,2008,37432.477
Seychelles,2010,38947.13
Seychelles,2011,41886.78
Seychelles,2012,46871.22
Seychelles,2013,51462.434
Seychelles,2014,53644.71
Seychelles,2015,58191.812
Seychelles,2016,62073.496
Seychelles,2017,66082.54
Seychelles,2018,80652.15
Seychelles,2019,87959.766
Seychelles,2020,90788.69
Seychelles,2021,100359.48
Sierra Leone,1990,0
Sierra Leone,1991,0
Sierra Leone,1992,0
Sierra Leone,1993,0
Sierra Leone,1994,0
Sierra Leone,1995,0
Sierra Leone,1996,105.2372
Sierra Leone,1997,212.16803
Sierra Leone,1998,635.99347
Sierra Leone,1999,2093.8494
Sierra Leone,2000,5231.1123
Sierra Leone,2001,7520.754
Sierra Leone,2002,8759.617
Sierra Leone,2003,9846.575
Sierra Leone,2004,10872.513
Sierra Leone,2005,11850.215
Sierra Leone,2006,12805.187
Sierra Leone,2007,13788.943
Sierra Leone,2008,14736.82
Sierra Leone,2009,15744.702
Sierra Leone,2010,36091.746
Sierra Leone,2011,57485.32
Sierra Leone,2012,163776.95
Sierra Leone,2013,268562.28
Sierra Leone,2014,416523.22
Sierra Leone,2015,446498.8
Sierra Leone,2016,848297.9
Sierra Leone,2017,976792.8
Sierra Leone,2018,1193621.8
Sierra Leone,2019,1298974.9
Sierra Leone,2020,1424260.2
Singapore,1990,0
Singapore,1991,5065.256
Singapore,1992,15208.51
Singapore,1993,25324.744
Singapore,1994,40508.11
Singapore,1995,101535.82
Singapore,1996,305989.78
Singapore,1997,511467.44
Singapore,1998,764317.7
Singapore,1999,958140.4
Singapore,2000,1452690.4
Singapore,2001,1715225.1
Singapore,2002,1949042
Singapore,2003,2227943.8
Singapore,2004,2587115.5
Singapore,2005,2603701.5
Singapore,2006,2600167.8
Singapore,2007,3212964.8
Singapore,2008,3316652
Singapore,2009,3428316
Singapore,2010,3604684.2
Singapore,2011,3679391.8
Singapore,2012,3811208.5
Singapore,2013,4357052
Singapore,2014,4480935
Singapore,2015,4597085
Singapore,2016,4710693.5
Singapore,2017,4732778.5
Singapore,2018,4967574.5
Singapore,2019,5043033
Singapore,2020,5170783.5
Singapore,2021,5375725
Slovakia,1990,0
Slovakia,1991,0
Slovakia,1992,0
Slovakia,1993,6808.6494
Slovakia,1994,17018.705
Slovakia,1995,28014.174
Slovakia,1996,42003.383
Slovakia,1997,63007.99
Slovakia,1998,144571.92
Slovakia,1999,292448.34
Slovakia,2000,507162.12
Slovakia,2001,673953.44
Slovakia,2002,2158602.8
Slovakia,2003,2313915.2
Slovakia,2004,2843386.5
Slovakia,2005,2967399
Slovakia,2006,3015336
Slovakia,2007,3322981.8
Slovakia,2008,3552913.5
Slovakia,2009,3769551.8
Slovakia,2010,4082175
Slovakia,2011,4018349
Slovakia,2012,4146080.8
Slovakia,2013,4213777.5
Slovakia,2014,4331107.5
Slovakia,2015,4208015.5
Slovakia,2016,4367636
Slovakia,2017,4436928
Slovakia,2018,4379019
Slovakia,2019,4516044
Slovakia,2020,4905210.5
Slovakia,2021,4840012.5
Slovenia,1990,0
Slovenia,1991,0
Slovenia,1992,0
Slovenia,1993,8158.2085
Slovenia,1994,21305.623
Slovenia,1995,57634.676
Slovenia,1996,100775.5
Slovenia,1997,150654.42
Slovenia,1998,200078.31
Slovenia,1999,249847.66
Slovenia,2000,300213.22
Slovenia,2001,600405.25
Slovenia,2002,554431.2
Slovenia,2003,634706.44
Slovenia,2004,813566.94
Slovenia,2005,934755.94
Slovenia,2006,1081882.9
Slovenia,2007,1142833.9
Slovenia,2008,1174552.2
Slovenia,2009,1302790.4
Slovenia,2010,1431227.8
Slovenia,2011,1379665.2
Slovenia,2012,1403445.1
Slovenia,2013,1494538.8
Slovenia,2014,1473604.9
Slovenia,2015,1505793
Slovenia,2016,1556310.4
Slovenia,2017,1626941
Slovenia,2018,1650413
Slovenia,2019,1731511.1
Slovenia,2020,1820724
Slovenia,2021,1881095
Solomon Islands,1990,0
Solomon Islands,1991,0
Solomon Islands,1992,0
Solomon Islands,1993,0
Solomon Islands,1994,0
Solomon Islands,1995,95.693184
Solomon Islands,1996,1064.0327
Solomon Islands,1997,1597.0089
Solomon Islands,1998,2130.1433
Solomon Islands,1999,2129.0554
Solomon Islands,2000,2120.021
Solomon Islands,2001,2104.4402
Solomon Islands,2002,2297.1667
Solomon Islands,2003,2590.0532
Solomon Islands,2004,3083.4636
Solomon Islands,2005,4078.7656
Solomon Islands,2006,8093.4795
Solomon Islands,2007,10003.36
Solomon Islands,2008,15264.06
Solomon Islands,2009,20726
Solomon Islands,2010,26648.8
Solomon Islands,2011,33177.48
Solomon Islands,2012,40138.695
Solomon Islands,2013,47596.16
Solomon Islands,2014,55522.35
Solomon Islands,2015,63945.277
Solomon Islands,2016,72868.55
Solomon Islands,2017,81761.695
Solomon Islands,2019,205307.44
Solomon Islands,2020,267139.25
Solomon Islands,2021,275540.12
Somalia,1990,0
Somalia,1991,0
Somalia,1992,0
Somalia,1993,0
Somalia,1994,0
Somalia,1995,0
Somalia,1996,114.0386
Somalia,1997,230.72296
Somalia,1998,584.28815
Somalia,1999,1181.2799
Somalia,2000,1767.7428
Somalia,2001,7270.415
Somalia,2002,11041.237
Somalia,2003,37278.066
Somalia,2004,108305.695
Somalia,2005,114673.3
Somalia,2006,120754.27
Somalia,2007,127066.04
Somalia,2008,133272.66
Somalia,2009,138823.02
Somalia,2011,154360.36
Somalia,2012,171552.84
Somalia,2013,193043.98
Somalia,2014,217433.8
Somalia,2015,243002.66
Somalia,2016,269756.34
Somalia,2017,298936.5
South Africa,1990,0
South Africa,1991,5537.6504
South Africa,1992,16497.412
South Africa,1993,49249.297
South Africa,1994,108648.66
South Africa,1995,301430.6
South Africa,1996,379883.03
South Africa,1997,745325.56
South Africa,1998,1343368.2
South Africa,1999,1923537
South Africa,2000,2522365.5
South Africa,2001,3018884
South Africa,2002,3222257.5
South Africa,2003,3398755.2
South Africa,2004,4127585.2
South Africa,2005,3706082.8
South Africa,2006,3803438.2
South Africa,2007,4075319.2
South Africa,2008,4308960.5
South Africa,2009,5172852
South Africa,2010,12562571
South Africa,2011,18002474
South Africa,2012,22050854
South Africa,2013,25425636
South Africa,2014,27241472
South Africa,2015,29450360
South Africa,2016,30920156
South Africa,2017,32372166
South Africa,2018,36574510
South Africa,2019,41530892
South Africa,2020,42587652
South Africa,2021,44472836
South America,1990,0
South America,1991,4988.953
South America,1992,29126.117
South America,1993,70855.78
South America,1994,153002.28
South America,1995,374024.75
South America,1996,1216602.2
South America,1997,2133999
South America,1998,4425228
South America,1999,7725285
South America,2000,13402305
South America,2001,19968528
South America,2002,30864140
South America,2003,42273500
South America,2004,57430290
South America,2005,66164490
South America,2006,86267970
South America,2007,101454856
South America,2008,115609250
South America,2009,136083660
South America,2010,152007100
South America,2011,171591780
South America,2012,190106370
South America,2013,203940700
South America,2014,217941650
South America,2015,235314020
South America,2016,249675460
South America,2017,272053540
South America,2018,267046260
South America,2019,281590000
South America,2020,310217800
South America,2021,317739520
South Korea,1990,10255.584
South Korea,1991,20497.305
South Korea,1992,43941.18
South Korea,1993,112195.3
South Korea,1994,140519.11
South Korea,1995,371878.94
South Korea,1996,741280.75
South Korea,1997,1654263.6
South Korea,1998,3135293.2
South Korea,1999,10951860
South Korea,2000,20904698
South Korea,2001,26626602
South Korea,2002,28095676
South Korea,2003,31121774
South Korea,2004,34675772
South Korea,2005,35170960
South Korea,2006,37493090
South Korea,2007,37964360
South Korea,2008,39168750
South Korea,2009,39614100
South Korea,2010,40819930
South Korea,2011,41148876
South Korea,2012,41698370
South Korea,2013,42445330
South Korea,2014,44250390
South Korea,2015,45832624
South Korea,2016,47626464
South Korea,2017,48947696
South Korea,2018,49587064
South Korea,2019,49778704
South Korea,2020,50046056
South Korea,2021,50589172
South Sudan,2013,245658.17
South Sudan,2014,292111.84
South Sudan,2015,333227.06
South Sudan,2016,379053.78
South Sudan,2017,420625.12
South Sudan,2018,485903.22
South Sudan,2019,583709.4
South Sudan,2020,695400.6
Spain,1990,5031.6294
Spain,1991,10069.4375
Spain,1992,30292.742
Spain,1993,50631.035
Spain,1994,111632.22
Spain,1995,152521.1
Spain,1996,535900.44
Spain,1997,1133209
Spain,1998,1771688.8
Spain,1999,2891607
Spain,2000,5588928
Spain,2001,7485550.5
Spain,2002,8513988
Spain,2003,16972862
Spain,2004,19027530
Spain,2005,21047514
Spain,2006,22513096
Spain,2007,25084144
Spain,2008,27556092
Spain,2009,29100354
Spain,2010,30821030
Spain,2011,31530984
Spain,2012,32823490
Spain,2013,33568444
Spain,2014,35596110
Spain,2015,36735216
Spain,2016,37648540
Spain,2017,39651884
Spain,2018,40550324
Spain,2019,43032508
Spain,2020,44439972
Spain,2021,44822612
Sri Lanka,1990,0
Sri Lanka,1991,0
Sri Lanka,1992,0
Sri Lanka,1993,0
Sri Lanka,1994,477.75266
Sri Lanka,1995,963.2899
Sri Lanka,1996,9751.88
Sri Lanka,1997,29646.863
Sri Lanka,1998,55109.47
Sri Lanka,1999,66006.19
Sri Lanka,2000,124905.18
Sri Lanka,2001,155591.95
Sri Lanka,2002,208044.1
Sri Lanka,2003,291008.94
Sri Lanka,2004,290498.94
Sri Lanka,2005,362289.7
Sri Lanka,2006,516456.03
Sri Lanka,2007,795110.8
Sri Lanka,2014,2262482.8
Sri Lanka,2015,3315994.2
Sri Lanka,2016,4861998.5
Sri Lanka,2017,7123227
Sri Lanka,2018,10436712
Sri Lanka,2019,11359310
Sri Lanka,2020,8163930.5
Sri Lanka,2021,10091018
Sudan,1990,0
Sudan,1991,0
Sudan,1992,0
Sudan,1993,0
Sudan,1994,0
Sudan,1995,0
Sudan,1996,0
Sudan,1997,317.80716
Sudan,1998,1271.3737
Sudan,1999,2386.0242
Sudan,2000,7172.5576
Sudan,2001,39976.305
Sudan,2002,128453.73
Sudan,2003,160981.7
Sudan,2004,241874.64
Sudan,2005,403923.53
Sudan,2007,2837374.5
Sudan,2016,5817645
Sudan,2017,7944862
Sudan,2018,10880727
Sudan,2019,11796978
Sudan,2020,13288143
Suriname,1990,0
Suriname,1991,0
Suriname,1992,0
Suriname,1993,0
Suriname,1994,0
Suriname,1995,492.85287
Suriname,1996,993.109
Suriname,1997,4494.5117
Suriname,1998,7639.4766
Suriname,1999,8833.62
Suriname,2000,11946.733
Suriname,2001,14910.563
Suriname,2002,20664.936
Suriname,2003,23902.44
Suriname,2004,31226.512
Suriname,2005,33252.57
Suriname,2006,49873.33
Suriname,2007,74927.766
Suriname,2008,113145.266
Suriname,2009,170466.69
Suriname,2010,173723.2
Suriname,2011,178009.28
Suriname,2012,195130.3
Suriname,2013,212814.98
Suriname,2014,230612.31
Suriname,2015,248728.97
Suriname,2016,266845.3
Suriname,2017,290597.28
Suriname,2018,322541.22
Suriname,2019,344097.5
Suriname,2020,380162.78
Suriname,2021,407445.34
Sweden,1990,49998.492
Sweden,1991,100001.445
Sweden,1992,129829.14
Sweden,1993,149633.28
Sweden,1994,299651.22
Sweden,1995,449966.8
Sweden,1996,799484.06
Sweden,1997,2098861.5
Sweden,1998,2962077.8
Sweden,1999,3669988
Sweden,2000,4053453.8
Sweden,2001,4605082.5
Sweden,2002,6298404
Sweden,2003,7088808.5
Sweden,2004,7544903
Sweden,2005,7659955
Sweden,2006,7969159.5
Sweden,2007,7502504.5
Sweden,2008,8297912.5
Sweden,2009,8461852
Sweden,2010,8440411
Sweden,2011,8766080
Sweden,2012,8870247
Sweden,2013,9099813
Sweden,2014,8971144
Sweden,2015,8879331
Sweden,2016,8896315
Sweden,2017,9354444
Sweden,2018,9081236
Sweden,2019,9713095
Sweden,2020,9788312
Sweden,2021,9860987
Switzerland,1990,39991.297
Switzerland,1991,80200.92
Switzerland,1992,120431.15
Switzerland,1993,150367.5
Switzerland,1994,190226.06
Switzerland,1995,250078.39
Switzerland,1996,321746.5
Switzerland,1997,1070463.4
Switzerland,1998,1763352.9
Switzerland,1999,2429000.5
Switzerland,2000,3383665.2
Switzerland,2001,3981741.2
Switzerland,2002,4469149
Switzerland,2003,4774076.5
Switzerland,2004,5006485
Switzerland,2005,5209708.5
Switzerland,2006,5661235
Switzerland,2007,5825038
Switzerland,2008,6052250
Switzerland,2009,6290705
Switzerland,2010,6565804.5
Switzerland,2011,6742499.5
Switzerland,2012,6815085.5
Switzerland,2013,6985941
Switzerland,2014,7158268
Switzerland,2015,7246712.5
Switzerland,2016,7464944
Switzerland,2017,7581735
Switzerland,2018,7818001.5
Switzerland,2019,7989629
Switzerland,2020,8152385
Switzerland,2021,8321243.5
Syria,1960,0
Syria,1965,0
Syria,1970,0
Syria,1975,0
Syria,1976,0
Syria,1977,0
Syria,1978,0
Syria,1979,0
Syria,1980,0
Syria,1981,0
Syria,1982,0
Syria,1983,0
Syria,1984,0
Syria,1985,0
Syria,1986,0
Syria,1987,0
Syria,1988,0
Syria,1989,0
Syria,1990,0
Syria,1991,0
Syria,1992,0
Syria,1993,0
Syria,1994,0
Syria,1995,0
Syria,1996,0
Syria,1997,5027.3223
Syria,1998,10075.589
Syria,1999,20170.748
Syria,2000,30230.799
Syria,2001,60320.664
Syria,2002,365629.9
Syria,2003,607873.44
Syria,2004,792445.44
Syria,2005,1062639.9
Syria,2006,1538079.4
Syria,2007,2401675.8
Syria,2008,3029119.2
Syria,2009,3802015.8
Syria,2010,4653860.5
Syria,2011,5147573.5
Syria,2012,5530645
Syria,2013,5676733.5
Syria,2014,5694871.5
Syria,2015,5823460
Syria,2016,6117003.5
Syria,2017,6286467.5
Syria,2018,6611439.5
Syria,2019,7052500.5
Syria,2020,7531486
Tajikistan,1990,0
Tajikistan,1991,0
Tajikistan,1992,0
Tajikistan,1993,0
Tajikistan,1994,0
Tajikistan,1995,0
Tajikistan,1999,2035.8408
Tajikistan,2000,3054.3567
Tajikistan,2001,3284.3655
Tajikistan,2002,3622.651
Tajikistan,2003,4300.3594
Tajikistan,2004,5261.3154
Tajikistan,2005,20683.453
Tajikistan,2006,266240.06
Tajikistan,2007,517831.22
Tajikistan,2008,644311.7
Tajikistan,2009,754266.3
Tajikistan,2010,883822.6
Tajikistan,2011,1019569.9
Tajikistan,2012,1162844
Tajikistan,2013,1314677.2
Tajikistan,2014,1473630.2
Tajikistan,2015,1640600.6
Tajikistan,2016,1814793
Tajikistan,2017,1995272.8
Tanzania,1990,0
Tanzania,1991,0
Tanzania,1992,0
Tanzania,1993,0
Tanzania,1994,0
Tanzania,1995,0
Tanzania,1996,501.9882
Tanzania,1997,2494.7585
Tanzania,1998,2996.988
Tanzania,1999,25018.838
Tanzania,2000,40150.98
Tanzania,2001,60294.816
Tanzania,2002,80364.266
Tanzania,2003,251082.52
Tanzania,2004,334440.9
Tanzania,2005,431002.94
Tanzania,2006,523833.7
Tanzania,2007,662968.1
Tanzania,2008,808843.8
Tanzania,2009,1047215.44
Tanzania,2010,1297996.2
Tanzania,2011,1472939.9
Tanzania,2012,1871283.4
Tanzania,2013,2148262
Tanzania,2014,3524605.5
Tanzania,2015,5202096
Tanzania,2016,7268519.5
Tanzania,2017,8904462
Tanzania,2018,9821750
Tanzania,2019,10815547
Tanzania,2020,14296603
Tanzania,2021,19875226
Thailand,1960,0
Thailand,1965,0
Thailand,1970,0
Thailand,1975,0
Thailand,1976,0
Thailand,1977,0
Thailand,1978,0
Thailand,1979,0
Thailand,1980,0
Thailand,1981,0
Thailand,1982,0
Thailand,1983,0
Thailand,1984,0
Thailand,1985,0
Thailand,1986,0
Thailand,1987,0
Thailand,1988,0
Thailand,1989,0
Thailand,1990,0
Thailand,1991,29.042742
Thailand,1992,194.30373
Thailand,1993,7796.588
Thailand,1994,22497.033
Thailand,1995,44220.453
Thailand,1996,69190.98
Thailand,1997,218925.61
Thailand,1998,671346.6
Thailand,1999,1511525.6
Thailand,2000,2324384.2
Thailand,2001,3536664.5
Thailand,2002,4840066
Thailand,2003,6032108.5
Thailand,2004,6988514
Thailand,2005,9919780
Thailand,2006,11423491
Thailand,2007,13440609
Thailand,2008,12306810
Thailand,2009,13692337
Thailand,2010,15361795
Thailand,2011,16333956
Thailand,2012,18372790
Thailand,2013,20213176
Thailand,2014,24498488
Thailand,2015,27733906
Thailand,2016,33661940
Thailand,2017,37637990
Thailand,2018,40554092
Thailand,2019,47671320
Thailand,2020,55768412
Thailand,2021,61161590
Togo,1960,0
Togo,1965,0
Togo,1970,0
Togo,1975,0
Togo,1976,0
Togo,1977,0
Togo,1978,0
Togo,1979,0
Togo,1980,0
Togo,1981,0
Togo,1982,0
Togo,1983,0
Togo,1984,0
Togo,1985,0
Togo,1986,0
Togo,1987,0
Togo,1988,0
Togo,1989,0
Togo,1990,0
Togo,1991,0
Togo,1992,0
Togo,1993,0
Togo,1994,0
Togo,1995,0
Togo,1996,500.32114
Togo,1997,9976.418
Togo,1998,14854.175
Togo,1999,29519.758
Togo,2000,41120.367
Togo,2001,47496.473
Togo,2002,54132.79
Togo,2003,66626.03
Togo,2004,85447.695
Togo,2005,105203.46
Togo,2006,120213.46
Togo,2007,136143.7
Togo,2008,152851.69
Togo,2009,170348.56
Togo,2010,201977.88
Togo,2011,242076.73
Togo,2012,284029.72
Togo,2013,327845.16
Togo,2014,425930.03
Togo,2015,545619.75
Togo,2016,888773.44
Togo,2017,995880.4
Togo,2018,1280111.2
Togo,2019,1754168.2
Togo,2020,2520793.5
Togo,2021,3106018
Tonga,1990,0
Tonga,1991,0
Tonga,1992,0
Tonga,1993,0
Tonga,1994,0
Tonga,1995,123.52688
Tonga,1996,164.27501
Tonga,1997,514.3962
Tonga,1998,775.89215
Tonga,1999,1038.9169
Tonga,2000,2500.005
Tonga,2001,2918.7502
Tonga,2002,3020.333
Tonga,2003,3119.6118
Tonga,2004,4153.4707
Tonga,2005,5186.7407
Tonga,2006,6220.7524
Tonga,2007,7664.0757
Tonga,2008,8681.444
Tonga,2009,10721.9
Tonga,2010,17186.4
Tonga,2011,26896
Tonga,2012,32242.8
Tonga,2013,35077.2
Tonga,2014,38337.14
Tonga,2015,41012.863
Tonga,2016,42161.633
Tonga,2017,48682.33
Tonga,2018,56385.062
Tonga,2019,65304.227
Tonga,2020,70461.38
Tonga,2021,75526.7
Trinidad and Tobago,1990,0
Trinidad and Tobago,1991,0
Trinidad and Tobago,1992,0
Trinidad and Tobago,1993,0
Trinidad and Tobago,1994,0
Trinidad and Tobago,1995,2048.3052
Trinidad and Tobago,1996,5113.73
Trinidad and Tobago,1997,15319.76
Trinidad and Tobago,1998,35701.37
Trinidad and Tobago,1999,76440.59
Trinidad and Tobago,2000,101905.73
Trinidad and Tobago,2001,203934.47
Trinidad and Tobago,2002,293026.1
Trinidad and Tobago,2003,347688.7
Trinidad and Tobago,2004,363580.75
Trinidad and Tobago,2005,391776.75
Trinidad and Tobago,2006,407662.72
Trinidad and Tobago,2007,441018.06
Trinidad and Tobago,2008,477487.3
Trinidad and Tobago,2009,610921.8
Trinidad and Tobago,2010,672528.6
Trinidad and Tobago,2011,770034.5
Trinidad and Tobago,2012,807193.06
Trinidad and Tobago,2013,846182.2
Trinidad and Tobago,2014,886788.25
Trinidad and Tobago,2015,930402.7
Trinidad and Tobago,2016,974307.06
Trinidad and Tobago,2017,1020357.06
Trinidad and Tobago,2019,1172549.4
Trinidad and Tobago,2020,1165140.2
Trinidad and Tobago,2021,1175294.9
Tunisia,1990,0
Tunisia,1991,0
Tunisia,1992,0
Tunisia,1993,0
Tunisia,1994,665.52026
Tunisia,1995,1025.3243
Tunisia,1996,2566.6921
Tunisia,1997,4113.043
Tunisia,1998,10299.369
Tunisia,1999,154736.34
Tunisia,2000,268608.12
Tunisia,2001,424195.44
Tunisia,2002,523792.75
Tunisia,2003,653734.5
Tunisia,2004,867054.1
Tunisia,2005,990174.9
Tunisia,2006,1343626.8
Tunisia,2007,1785531.6
Tunisia,2008,2902388
Tunisia,2009,3628687.2
Tunisia,2010,3961882
Tunisia,2011,4256442
Tunisia,2012,4562575
Tunisia,2013,4879918
Tunisia,2014,5204214.5
Tunisia,2015,5302055
Tunisia,2016,5718222.5
Tunisia,2017,6466048
Tunisia,2018,7552379.5
Tunisia,2019,7920680.5
Tunisia,2020,8718011
Tunisia,2021,9517167
Turkey,1990,0
Turkey,1991,0
Turkey,1992,0
Turkey,1993,4989.991
Turkey,1994,29938.38
Turkey,1995,49851.652
Turkey,1996,119395.29
Turkey,1997,297731.62
Turkey,1998,445379.16
Turkey,1999,1480522.6
Turkey,2000,2461118.5
Turkey,2001,3437778.2
Turkey,2002,7630152.5
Turkey,2003,8363653
Turkey,2004,10000804
Turkey,2005,10718350
Turkey,2006,12776272
Turkey,2007,20255894
Turkey,2008,24595976
Turkey,2009,26377206
Turkey,2010,29206682
Turkey,2011,31961306
Turkey,2012,33936496
Turkey,2013,35336404
Turkey,2014,39829652
Turkey,2015,43003628
Turkey,2016,47642140
Turkey,2017,53742350
Turkey,2018,59971436
Turkey,2019,63144788
Turkey,2020,66867040
Turkey,2021,70569930
Turkmenistan,1990,0
Turkmenistan,1991,0
Turkmenistan,1992,0
Turkmenistan,1993,0
Turkmenistan,1994,0
Turkmenistan,1995,0
Turkmenistan,1999,2022.4114
Turkmenistan,2000,6107.889
Turkmenistan,2001,8191.774
Turkmenistan,2002,14410.1045
Turkmenistan,2003,20680.336
Turkmenistan,2004,37386.684
Turkmenistan,2005,50383.996
Turkmenistan,2006,67919.79
Turkmenistan,2007,73750.22
Turkmenistan,2008,93538.08
Turkmenistan,2009,106306.14
Turkmenistan,2010,166930.69
Turkmenistan,2011,284170.66
Turkmenistan,2012,417971.5
Turkmenistan,2013,570177.44
Turkmenistan,2014,741184.9
Turkmenistan,2015,932165.5
Turkmenistan,2016,1144192
Turkmenistan,2017,1382816.2
Turks and Caicos Islands,1990,0
Turks and Caicos Islands,1991,0
Turks and Caicos Islands,1992,0
Turks and Caicos Islands,1993,0
Turks and Caicos Islands,1994,0
Turks and Caicos Islands,1995,0
Tuvalu,1990,0
Tuvalu,1991,0
Tuvalu,1992,0
Tuvalu,1993,0
Tuvalu,1994,0
Tuvalu,1995,0
Tuvalu,2000,501.41525
Tuvalu,2001,547.656
Tuvalu,2002,607.635
Tuvalu,2003,670.335
Tuvalu,2004,747.764
Tuvalu,2005,827.012
Tuvalu,2006,917.098
Tuvalu,2007,1020.4
Tuvalu,2008,1158.528
Tuvalu,2009,1341.312
Tuvalu,2010,1552.7101
Tuvalu,2011,1782.66
Tuvalu,2012,2049.52
Tuvalu,2013,2337.936
Tuvalu,2014,2652.687
Tuvalu,2015,2998.905
Tuvalu,2016,3394.81
Tuvalu,2017,3833.9841
Tuvalu,2021,7311.853
Uganda,1990,0
Uganda,1991,0
Uganda,1992,0
Uganda,1993,0
Uganda,1994,0
Uganda,1995,591.75555
Uganda,1996,982.16064
Uganda,1997,2255.3997
Uganda,1998,14700.452
Uganda,1999,24546.648
Uganda,2000,39291.633
Uganda,2001,58881.125
Uganda,2002,98070.1
Uganda,2003,122497.805
Uganda,2004,195504.53
Uganda,2005,487177.94
Uganda,2006,728304.94
Uganda,2007,1088863.9
Uganda,2008,1184934.5
Uganda,2009,1289497
Uganda,2010,1392804.5
Uganda,2011,1534308.9
Uganda,2012,1648197
Uganda,2013,1802189.5
Uganda,2014,1965359.2
Uganda,2015,2176823.8
Uganda,2016,2289150
Uganda,2017,2370465.8
Uganda,2018,2493950.2
Uganda,2019,2587638.5
Uganda,2020,2711886
Uganda,2021,4748301.5
Ukraine,1990,0
Ukraine,1991,0
Ukraine,1992,0
Ukraine,1993,406.74475
Ukraine,1994,7103.815
Ukraine,1995,22259.57
Ukraine,1996,50498.895
Ukraine,1997,100975.44
Ukraine,1998,151681.16
Ukraine,1999,202597.23
Ukraine,2000,354916.72
Ukraine,2001,608315.8
Ukraine,2002,912156.3
Ukraine,2003,1521022
Ukraine,2004,1674234.1
Ukraine,2005,1784346.4
Ukraine,2006,2130436.8
Ukraine,2007,3082613.5
Ukraine,2008,5150108.5
Ukraine,2009,8345647.5
Ukraine,2010,10824247
Ukraine,2011,13294181
Ukraine,2012,16298285
Ukraine,2013,18890812
Ukraine,2014,21255778
Ukraine,2015,22381788
Ukraine,2016,24177362
Ukraine,2017,26757046
Ukraine,2018,28279594
Ukraine,2019,31526344
Ukraine,2020,33526944
Ukraine,2021,35092628
United Arab Emirates,1990,0
United Arab Emirates,1991,0
United Arab Emirates,1992,0
United Arab Emirates,1993,0
United Arab Emirates,1994,0
United Arab Emirates,1995,2506.226
United Arab Emirates,1996,9751.11
United Arab Emirates,1997,92850.36
United Arab Emirates,1998,210042.25
United Arab Emirates,1999,488030.22
United Arab Emirates,2000,825369.5
United Arab Emirates,2001,978253.94
United Arab Emirates,2002,1120434.9
United Arab Emirates,2003,1235852.9
United Arab Emirates,2004,1334504.2
United Arab Emirates,2005,1865918.8
United Arab Emirates,2006,2604735
United Arab Emirates,2007,3431030.5
United Arab Emirates,2008,3970681.5
United Arab Emirates,2009,4292520.5
United Arab Emirates,2010,4718093
United Arab Emirates,2011,5615560
United Arab Emirates,2012,6372553
United Arab Emirates,2013,6892029
United Arab Emirates,2014,7446139.5
United Arab Emirates,2015,7850543
United Arab Emirates,2016,8181971.5
United Arab Emirates,2017,8755985
United Arab Emirates,2018,9201994
United Arab Emirates,2019,9298143
United Arab Emirates,2020,9448529
United Arab Emirates,2021,9789055
United Kingdom,1990,50113.883
United Kingdom,1991,100278.95
United Kingdom,1992,150425.19
United Kingdom,1993,300739.66
United Kingdom,1994,601266.5
United Kingdom,1995,1102128.1
United Kingdom,1996,2404029
United Kingdom,1997,4316551
United Kingdom,1998,8014276.5
United Kingdom,1999,12528892
United Kingdom,2000,15840213
United Kingdom,2001,19850304
United Kingdom,2002,33628624
United Kingdom,2003,38775572
United Kingdom,2004,39477510
United Kingdom,2005,42417276
United Kingdom,2006,42015364
United Kingdom,2007,46207276
United Kingdom,2008,48623204
United Kingdom,2009,52230196
United Kingdom,2010,53555508
United Kingdom,2011,54224224
United Kingdom,2012,55952630
United Kingdom,2013,57850064
United Kingdom,2014,59423664
United Kingdom,2015,60151732
United Kingdom,2016,62450960
United Kingdom,2017,60000736
United Kingdom,2018,60539160
United Kingdom,2019,62088800
United Kingdom,2020,63861820
United Kingdom,2021,65422344
United States,1990,1988293.2
United States,1991,2983259.5
United States,1992,4476133.5
United States,1993,5966168.5
United States,1994,12909458
United States,1995,24774406
United States,1996,44473576
United States,1997,59113944
United States,1998,83093130
United States,1999,99941040
United States,2000,121261010
United States,2001,139526820
United States,2002,168763680
United States,2003,178864930
United States,2004,189603260
United States,2005,200992860
United States,2006,205918290
United States,2007,226383170
United States,2008,225678050
United States,2009,218696660
United States,2010,223000910
United States,2011,219023780
United States,2012,236885150
United States,2013,228559090
United States,2014,235874220
United States,2015,243141000
United States,2016,281594620
United States,2017,289931230
United States,2018,296521300
United States,2019,302086620
United States,2020,307598620
United States,2021,312109060
United States Virgin Islands,1990,0
United States Virgin Islands,1991,0
United States Virgin Islands,1992,0
United States Virgin Islands,1993,0
United States Virgin Islands,1994,999.36035
United States Virgin Islands,1995,2997.6743
United States Virgin Islands,1996,5000.7437
United States Virgin Islands,1997,7510.9785
United States Virgin Islands,1998,10025.609
United States Virgin Islands,1999,12025.693
United States Virgin Islands,2000,15001.935
United States Virgin Islands,2001,19944.139
United States Virgin Islands,2002,29813.037
United States Virgin Islands,2003,29674.418
United States Virgin Islands,2004,29526.377
United States Virgin Islands,2005,29428.504
United States Virgin Islands,2006,29372.443
United States Virgin Islands,2007,29318.158
United States Virgin Islands,2008,29269.168
United States Virgin Islands,2009,29250.432
United States Virgin Islands,2010,33194.664
United States Virgin Islands,2011,37521.688
United States Virgin Islands,2012,42294.3
United States Virgin Islands,2013,46735.1
United States Virgin Islands,2014,51077.406
United States Virgin Islands,2015,54976.785
United States Virgin Islands,2016,58293.953
United States Virgin Islands,2017,61238.45
Upper-middle-income countries,1960,0
Upper-middle-income countries,1965,0
Upper-middle-income countries,1970,0
Upper-middle-income countries,1975,0
Upper-middle-income countries,1976,0
Upper-middle-income countries,1977,0
Upper-middle-income countries,1978,0
Upper-middle-income countries,1979,0
Upper-middle-income countries,1980,0
Upper-middle-income countries,1981,0
Upper-middle-income countries,1982,0
Upper-middle-income countries,1983,0
Upper-middle-income countries,1984,0
Upper-middle-income countries,1985,0
Upper-middle-income countries,1986,0
Upper-middle-income countries,1987,0
Upper-middle-income countries,1988,0
Upper-middle-income countries,1989,0
Upper-middle-income countries,1990,0
Upper-middle-income countries,1991,15520.75
Upper-middle-income countries,1992,55832.992
Upper-middle-income countries,1993,154992.92
Upper-middle-income countries,1994,375559.4
Upper-middle-income countries,1995,977647.4
Upper-middle-income countries,1996,2368337
Upper-middle-income countries,1997,5242533.5
Upper-middle-income countries,1998,12229052
Upper-middle-income countries,1999,27239268
Upper-middle-income countries,2000,54659708
Upper-middle-income countries,2001,81883220
Upper-middle-income countries,2002,135454600
Upper-middle-income countries,2003,174124830
Upper-middle-income countries,2004,215997420
Upper-middle-income countries,2005,255069150
Upper-middle-income countries,2006,316537600
Upper-middle-income countries,2007,424673440
Upper-middle-income countries,2008,546435500
Upper-middle-income countries,2009,670703550
Upper-middle-income countries,2010,801342600
Upper-middle-income countries,2011,912213600
Upper-middle-income countries,2012,1022176500
Upper-middle-income countries,2013,1116524700
Upper-middle-income countries,2014,1203752400
Upper-middle-income countries,2015,1311842600
Upper-middle-income countries,2016,1416543700
Upper-middle-income countries,2017,1506900200
Upper-middle-income countries,2018,1631465200
Upper-middle-income countries,2019,1792197000
Upper-middle-income countries,2020,1955448600
Upper-middle-income countries,2021,2062960000
Uruguay,1990,0
Uruguay,1991,0
Uruguay,1992,0
Uruguay,1993,0
Uruguay,1994,1982.2117
Uruguay,1995,9891.358
Uruguay,1996,59236.03
Uruguay,1997,108408.95
Uruguay,1998,226331.16
Uruguay,1999,324515.78
Uruguay,2000,344227.97
Uruguay,2001,364144.47
Uruguay,2002,374429.34
Uruguay,2003,522927.4
Uruguay,2004,560208.3
Uruguay,2005,660052.94
Uruguay,2006,967115.3
Uruguay,2007,1120352.8
Uruguay,2008,1297758.2
Uruguay,2009,1383618.9
Uruguay,2010,1539821.6
Uruguay,2011,1710145.1
Uruguay,2012,1816254.2
Uruguay,2013,1929923.8
Uruguay,2014,2062808.4
Uruguay,2015,2174758.2
Uruguay,2016,2243841.2
Uruguay,2017,2382833.8
Uruguay,2018,2740303.5
Uruguay,2019,2831623.2
Uruguay,2020,2933654
Uruguay,2021,3059531.8
Uzbekistan,1990,0
Uzbekistan,1991,0
Uzbekistan,1992,0
Uzbekistan,1993,0
Uzbekistan,1994,0
Uzbekistan,1995,349.97287
Uzbekistan,1996,1000.64966
Uzbekistan,1997,2503.4663
Uzbekistan,1998,5009.069
Uzbekistan,1999,7511.283
Uzbekistan,2000,120055.42
Uzbekistan,2001,149931.53
Uzbekistan,2002,274812.53
Uzbekistan,2003,491752.34
Uzbekistan,2004,675129.9
Uzbekistan,2005,881248.1
Uzbekistan,2006,1705621
Uzbekistan,2007,2028157.1
Uzbekistan,2008,2496557.5
Uzbekistan,2009,3324780.5
Uzbekistan,2010,4513296
Uzbekistan,2011,5361114
Uzbekistan,2012,6905810.5
Uzbekistan,2013,7966049
Uzbekistan,2014,10729163
Uzbekistan,2015,13160721
Uzbekistan,2016,14638450
Uzbekistan,2017,15495936
Uzbekistan,2018,17870166
Uzbekistan,2019,23207150
Uzbekistan,2020,23879910
Uzbekistan,2021,26227394
Vanuatu,1990,0
Vanuatu,1991,0
Vanuatu,1992,0
Vanuatu,1993,0
Vanuatu,1994,0
Vanuatu,1995,0
Vanuatu,1996,97.16397
Vanuatu,1997,243.63017
Vanuatu,1998,488.93387
Vanuatu,1999,980.0075
Vanuatu,2000,3927.6208
Vanuatu,2001,5407.723
Vanuatu,2002,6875.148
Vanuatu,2003,7836.2563
Vanuatu,2004,9764.711
Vanuatu,2005,10712.137
Vanuatu,2006,12633.694
Vanuatu,2007,15047.788
Vanuatu,2008,16494.215
Vanuatu,2009,17455.5
Vanuatu,2010,19060.48
Vanuatu,2011,22400.436
Vanuatu,2012,26377.785
Vanuatu,2013,28757.936
Vanuatu,2014,48926.434
Vanuatu,2015,59480.438
Vanuatu,2016,65303.28
Vanuatu,2017,85783.54
Vanuatu,2018,112682.836
Vanuatu,2019,148130.45
Vanuatu,2020,159221.47
Vanuatu,2021,202908.88
Venezuela,1990,0
Venezuela,1991,0
Venezuela,1992,2510.7817
Venezuela,1993,8839.169
Venezuela,1994,12054.649
Venezuela,1995,27124.145
Venezuela,1996,56261.1
Venezuela,1997,90435.5
Venezuela,1998,326640.28
Venezuela,1999,683449.4
Venezuela,2000,823998.6
Venezuela,2001,1158070
Venezuela,2002,1249005.1
Venezuela,2003,1941943.8
Venezuela,2004,2213808
Venezuela,2005,3362420.5
Venezuela,2006,4144880.8
Venezuela,2007,5759363.5
Venezuela,2008,7260296
Venezuela,2009,9299323
Venezuela,2010,10767456
Venezuela,2011,11738296
Venezuela,2012,14496178
Venezuela,2013,16421796
Venezuela,2014,17244826
Venezuela,2015,17732902
Venezuela,2016,18459432
Venezuela,2017,18828244
Vietnam,1990,0
Vietnam,1991,0
Vietnam,1992,0
Vietnam,1993,0
Vietnam,1994,0
Vietnam,1995,0
Vietnam,1996,98.62441
Vietnam,1997,2955.6865
Vietnam,1998,9848.1
Vietnam,1999,98354.87
Vietnam,2000,196162.75
Vietnam,2001,986820.1
Vietnam,2002,1461224.1
Vietnam,2003,3007734.2
Vietnam,2004,6139832.5
Vietnam,2005,10330593
Vietnam,2006,14177712
Vietnam,2007,17358480
Vietnam,2008,20374048
Vietnam,2009,22955136
Vietnam,2010,26805002
Vietnam,2011,31025838
Vietnam,2012,32939810
Vietnam,2013,34870644
Vietnam,2014,37588628
Vietnam,2015,41770464
Vietnam,2016,49820060
Vietnam,2017,55335896
Vietnam,2018,67219780
Vietnam,2019,66721056
Vietnam,2020,68949680
Vietnam,2021,73419736
World,1990,2601283.5
World,1991,4270533.5
World,1992,6892746.5
World,1993,10009239
World,1994,20460824
World,1995,39337868
World,1996,77498790
World,1997,121025464
World,1998,188656720
World,1999,282097730
World,2000,416202340
World,2001,503744830
World,2002,666635970
World,2003,783017900
World,2004,915793860
World,2005,1032485300
World,2006,1162595200
World,2007,1375418900
World,2008,1574693100
World,2009,1772015500
World,2010,2022094100
World,2011,2219459000
World,2012,2427767300
World,2013,2599470300
World,2014,2796213800
World,2015,3008371500
World,2016,3266503400
World,2017,3482049300
World,2018,3799831800
World,2019,4198483500
World,2020,4698218500
World,2021,5016978000
Yemen,1990,0
Yemen,1991,0
Yemen,1992,0
Yemen,1993,0
Yemen,1994,0
Yemen,1995,0
Yemen,1996,107.52888
Yemen,1997,2685.6128
Yemen,1998,4302.209
Yemen,1999,10776.108
Yemen,2000,16189.991
Yemen,2001,18365.838
Yemen,2002,108091.63
Yemen,2003,129754.05
Yemen,2004,194707.62
Yemen,2005,238976.33
Yemen,2006,293776.34
Yemen,2007,1218336.4
Yemen,2008,1730212.8
Yemen,2009,2582401.2
Yemen,2010,3304166.5
Yemen,2011,4111231.5
Yemen,2012,4960678
Yemen,2013,5862591
Yemen,2014,6816033
Yemen,2015,7504863.5
Yemen,2016,7892143.5
Yemen,2017,8841350
Zambia,1990,0
Zambia,1991,0
Zambia,1992,0
Zambia,1993,0
Zambia,1994,581.1371
Zambia,1995,771.7087
Zambia,1996,816.594
Zambia,1997,861.7865
Zambia,1998,2866.1716
Zambia,1999,14322.998
Zambia,2000,19140.855
Zambia,2001,24071.06
Zambia,2002,50870.7
Zambia,2003,107692.375
Zambia,2004,124720.21
Zambia,2005,152344.64
Zambia,2006,194072.97
Zambia,2007,238736.77
Zambia,2008,286469.2
Zambia,2009,337259.88
Zambia,2010,418967.75
Zambia,2011,505322.88
Zambia,2012,611458.9
Zambia,2013,739152
Zambia,2014,1033195.8
Zambia,2015,1443120.1
Zambia,2016,1742186.1
Zambia,2017,2127842
Zambia,2018,2570220.5
Zambia,2019,3110324.8
Zambia,2020,3440585.5
Zambia,2021,4162146.5
Zimbabwe,1990,0
Zimbabwe,1991,0
Zimbabwe,1992,0
Zimbabwe,1993,0
Zimbabwe,1994,189.11444
Zimbabwe,1995,843.23834
Zimbabwe,1996,1873.5432
Zimbabwe,1997,3761.178
Zimbabwe,1998,9466.568
Zimbabwe,1999,19050.96
Zimbabwe,2000,47738.695
Zimbabwe,2001,95756.805
Zimbabwe,2002,132964.28
Zimbabwe,2003,220181.83
Zimbabwe,2004,259683.9
Zimbabwe,2005,299602.4
Zimbabwe,2006,303274.62
Zimbabwe,2007,384121.88
Zimbabwe,2008,453570.38
Zimbabwe,2009,525711.6
Zimbabwe,2010,854819.25
Zimbabwe,2011,1142015.2
Zimbabwe,2012,1658146.5
Zimbabwe,2013,2172140.8
Zimbabwe,2014,2324998.8
Zimbabwe,2015,3274740.2
Zimbabwe,2016,3375587
Zimbabwe,2017,3614246
Zimbabwe,2018,3758614.2
Zimbabwe,2019,4060395.5
Zimbabwe,2020,4549155
Zimbabwe,2021,5499640